orig path,orig slack,orig cycles,exp path,exp slack,exp cycles,delta slack,start point,end point,source clk,destination clock,delta classification
97337,0.0046,0,86708,0.0019,0,0.0027,c/unit_11/subblock/reg[56],d/branch/stream/reg_127[37],yclk,yclk,degraded
25676,0.0123,0,98193,0.0112,0,0.0011,c/unit_20/subblock/reg[57],d/branch/stream/reg_120[23],mclk,zclk,degraded
30978,0.0112,0,56486,0.0073,0,0.0039,c/unit_17/subblock/reg[29],d/branch/stream/reg_138[55],yclk,yclk,degraded
91496,0.0087,0,73712,0.0087,0,0.0,c/unit_12/subblock/reg[45],d/branch/stream/reg_118[28],yclk,mclk,no change
46583,0.015,0,58629,0.0052,0,0.0098,c/unit_17/subblock/reg[7],d/branch/stream/reg_188[44],zclk,mclk,degraded
56528,0.0116,0,38359,0.0048,0,0.0068,c/unit_17/subblock/reg[53],d/branch/stream/reg_189[44],zclk,zclk,degraded
71894,0.0177,0,56046,0.0238,0,-0.0061,c/unit_14/subblock/reg[25],d/branch/stream/reg_150[40],yclk,zclk,improved
49994,0.0179,0,84346,0.0099,0,0.008,c/unit_17/subblock/reg[48],d/branch/stream/reg_169[11],yclk,yclk,degraded
49802,0.0069,0,24204,0.001,0,0.0059,c/unit_15/subblock/reg[55],d/branch/stream/reg_128[16],mclk,yclk,degraded
43574,0.0185,0,82782,0.0111,0,0.0074,c/unit_11/subblock/reg[8],d/branch/stream/reg_147[62],mclk,mclk,degraded
96890,0.0166,0,55756,0.0166,0,0.0,c/unit_17/subblock/reg[18],d/branch/stream/reg_126[53],zclk,yclk,no change
38439,0.0097,0,81795,0.0015,0,0.0082,c/unit_18/subblock/reg[55],d/branch/stream/reg_135[38],mclk,mclk,degraded
99332,0.0195,0,73586,0.025,0,-0.0055,c/unit_16/subblock/reg[60],d/branch/stream/reg_150[16],yclk,mclk,improved
78437,0.0013,0,72551,0.0013,0,0.0,c/unit_19/subblock/reg[24],d/branch/stream/reg_132[6],yclk,yclk,no change
77207,0.0112,0,46242,0.0112,0,0.0,c/unit_19/subblock/reg[13],d/branch/stream/reg_138[9],zclk,yclk,no change
91858,0.0126,0,33834,0.0126,0,0.0,c/unit_16/subblock/reg[17],d/branch/stream/reg_141[54],mclk,zclk,no change
73780,0.0152,0,81424,0.0141,0,0.0011,c/unit_18/subblock/reg[5],d/branch/stream/reg_174[4],yclk,zclk,degraded
64941,0.0172,0,79978,0.0172,0,0.0,c/unit_19/subblock/reg[45],d/branch/stream/reg_185[2],yclk,zclk,no change
94230,0.0054,0,59177,0.0054,0,0.0,c/unit_15/subblock/reg[17],d/branch/stream/reg_172[21],yclk,mclk,no change
96594,0.0141,0,99352,0.0141,0,0.0,c/unit_18/subblock/reg[47],d/branch/stream/reg_174[58],mclk,yclk,no change
77938,0.0074,0,68903,0.005,0,0.0024,c/unit_14/subblock/reg[18],d/branch/stream/reg_171[32],yclk,mclk,degraded
74072,0.0166,0,64689,0.0166,0,0.0,c/unit_18/subblock/reg[27],d/branch/stream/reg_196[61],zclk,yclk,no change
45305,0.0172,0,83667,0.0172,0,0.0,c/unit_18/subblock/reg[12],d/branch/stream/reg_130[17],zclk,zclk,no change
69696,0.005,0,84823,-0.0018,0,0.0068,c/unit_19/subblock/reg[29],d/branch/stream/reg_155[57],yclk,mclk,degraded
75378,0.0176,0,80052,0.023,0,-0.0054,c/unit_12/subblock/reg[11],d/branch/stream/reg_103[23],mclk,zclk,improved
21664,0.011,0,79611,0.0066,0,0.0044,c/unit_15/subblock/reg[17],d/branch/stream/reg_148[37],yclk,mclk,degraded
97809,0.0054,0,78513,0.0133,0,-0.0079,c/unit_20/subblock/reg[43],d/branch/stream/reg_121[16],mclk,mclk,improved
82839,0.0177,0,88639,0.0177,0,0.0,c/unit_11/subblock/reg[16],d/branch/stream/reg_157[9],yclk,yclk,no change
53174,0.0062,0,28282,-0.0021,0,0.0083,c/unit_16/subblock/reg[49],d/branch/stream/reg_126[59],mclk,zclk,degraded
49701,0.0093,0,44195,0.0151,0,-0.0058,c/unit_20/subblock/reg[49],d/branch/stream/reg_126[31],yclk,mclk,improved
21809,0.0136,0,38543,0.0099,0,0.0037,c/unit_15/subblock/reg[47],d/branch/stream/reg_132[11],yclk,yclk,degraded
58294,0.0195,0,78354,0.0165,0,0.003,c/unit_16/subblock/reg[27],d/branch/stream/reg_135[6],zclk,yclk,degraded
20496,0.0182,0,82091,0.0182,0,0.0,c/unit_15/subblock/reg[15],d/branch/stream/reg_177[32],mclk,yclk,no change
72399,0.0011,0,27213,0.0011,0,0.0,c/unit_12/subblock/reg[6],d/branch/stream/reg_140[58],zclk,yclk,no change
59369,0.0048,0,91778,0.0024,0,0.0024,c/unit_11/subblock/reg[0],d/branch/stream/reg_139[29],zclk,zclk,degraded
69203,0.0061,0,20897,0.0098,0,-0.0037,c/unit_13/subblock/reg[29],d/branch/stream/reg_194[29],mclk,yclk,improved
71265,0.0149,0,55328,0.0149,0,0.0,c/unit_19/subblock/reg[21],d/branch/stream/reg_152[48],mclk,zclk,no change
21584,0.0086,0,38740,0.0157,0,-0.0071,c/unit_19/subblock/reg[5],d/branch/stream/reg_137[35],zclk,mclk,improved
55008,0.0188,0,44680,0.0212,0,-0.0024,c/unit_17/subblock/reg[45],d/branch/stream/reg_196[16],zclk,yclk,improved
90498,0.0108,0,55377,0.002,0,0.0088,c/unit_20/subblock/reg[32],d/branch/stream/reg_131[28],zclk,mclk,degraded
73044,0.0187,0,82149,0.0132,0,0.0055,c/unit_12/subblock/reg[25],d/branch/stream/reg_121[3],yclk,mclk,degraded
89075,0.0185,0,25684,0.0185,0,0.0,c/unit_18/subblock/reg[12],d/branch/stream/reg_166[60],yclk,yclk,no change
65836,0.0162,0,63560,0.0072,0,0.009,c/unit_15/subblock/reg[18],d/branch/stream/reg_127[40],mclk,yclk,degraded
63898,0.0121,0,52881,0.0181,0,-0.006,c/unit_14/subblock/reg[18],d/branch/stream/reg_162[34],yclk,zclk,improved
52786,0.0061,0,77442,0.0061,0,0.0,c/unit_19/subblock/reg[6],d/branch/stream/reg_166[48],yclk,yclk,no change
80600,0.0037,0,88173,-0.0052,0,0.0089,c/unit_14/subblock/reg[43],d/branch/stream/reg_105[40],yclk,yclk,degraded
28937,0.0163,0,35440,0.0247,0,-0.0084,c/unit_12/subblock/reg[6],d/branch/stream/reg_195[31],zclk,mclk,improved
81287,0.0146,0,77634,0.0146,0,0.0,c/unit_16/subblock/reg[37],d/branch/stream/reg_115[23],mclk,yclk,no change
91429,0.0029,0,55743,-0.0062,0,0.0091,c/unit_17/subblock/reg[26],d/branch/stream/reg_101[14],yclk,yclk,degraded
27658,0.0024,0,56660,-0.005,0,0.0074,c/unit_14/subblock/reg[48],d/branch/stream/reg_167[22],zclk,yclk,degraded
38258,0.0075,0,30837,0.0063,0,0.0012,c/unit_18/subblock/reg[0],d/branch/stream/reg_104[19],mclk,mclk,degraded
93773,0.0138,0,99762,0.0236,0,-0.0098,c/unit_16/subblock/reg[42],d/branch/stream/reg_112[44],mclk,yclk,improved
47105,0.0023,0,73935,-0.002,0,0.0043,c/unit_19/subblock/reg[59],d/branch/stream/reg_122[44],zclk,yclk,degraded
22687,0.0131,0,53896,0.0131,0,0.0,c/unit_11/subblock/reg[6],d/branch/stream/reg_129[51],mclk,yclk,no change
86764,0.0099,0,95567,0.0199,0,-0.01,c/unit_15/subblock/reg[63],d/branch/stream/reg_114[60],zclk,mclk,improved
36898,0.0068,0,27913,0.0121,0,-0.0053,c/unit_20/subblock/reg[54],d/branch/stream/reg_155[31],yclk,yclk,improved
67098,0.0071,0,73720,0.0071,0,0.0,c/unit_15/subblock/reg[1],d/branch/stream/reg_146[59],mclk,yclk,no change
97933,0.007,0,32846,0.0021,0,0.0049,c/unit_19/subblock/reg[45],d/branch/stream/reg_178[30],zclk,zclk,degraded
58365,0.0062,0,35491,0.0022,0,0.004,c/unit_16/subblock/reg[53],d/branch/stream/reg_169[2],mclk,yclk,degraded
51066,0.0147,0,95829,0.0147,0,0.0,c/unit_19/subblock/reg[28],d/branch/stream/reg_144[6],mclk,yclk,no change
38921,0.0177,0,35099,0.0151,0,0.0026,c/unit_11/subblock/reg[43],d/branch/stream/reg_181[54],yclk,mclk,degraded
61408,0.0078,0,47943,-0.0008,0,0.0086,c/unit_13/subblock/reg[42],d/branch/stream/reg_174[27],mclk,yclk,degraded
53772,0.0158,0,50597,0.0198,0,-0.004,c/unit_20/subblock/reg[2],d/branch/stream/reg_113[62],zclk,zclk,improved
56363,0.0166,0,52615,0.0166,0,0.0,c/unit_18/subblock/reg[14],d/branch/stream/reg_140[17],zclk,mclk,no change
93904,0.0046,0,45922,-0.0018,0,0.0064,c/unit_17/subblock/reg[1],d/branch/stream/reg_176[4],mclk,mclk,degraded
91575,0.0077,0,99799,0.0163,0,-0.0086,c/unit_18/subblock/reg[40],d/branch/stream/reg_143[48],zclk,mclk,improved
94804,0.0083,0,74585,0.0151,0,-0.0068,c/unit_15/subblock/reg[29],d/branch/stream/reg_142[9],yclk,yclk,improved
52289,0.0175,0,20049,0.0175,0,0.0,c/unit_16/subblock/reg[8],d/branch/stream/reg_188[17],mclk,mclk,no change
72979,0.0109,0,95712,0.0166,0,-0.0057,c/unit_16/subblock/reg[44],d/branch/stream/reg_186[52],mclk,mclk,improved
47743,0.0133,0,92937,0.0086,0,0.0047,c/unit_19/subblock/reg[42],d/branch/stream/reg_194[37],mclk,zclk,degraded
74998,0.0187,0,96695,0.0127,0,0.006,c/unit_11/subblock/reg[20],d/branch/stream/reg_153[48],yclk,yclk,degraded
94258,0.0032,0,57509,0.0032,0,0.0,c/unit_16/subblock/reg[26],d/branch/stream/reg_113[30],mclk,mclk,no change
31622,0.0027,0,88390,0.0027,0,0.0,c/unit_19/subblock/reg[21],d/branch/stream/reg_111[61],zclk,yclk,no change
96037,0.0069,0,89845,-0.0008,0,0.0077,c/unit_16/subblock/reg[16],d/branch/stream/reg_129[22],yclk,yclk,degraded
77824,0.0088,0,66305,0.0144,0,-0.0056,c/unit_20/subblock/reg[8],d/branch/stream/reg_155[34],yclk,yclk,improved
90940,0.0182,0,95719,0.0244,0,-0.0062,c/unit_20/subblock/reg[5],d/branch/stream/reg_166[32],yclk,zclk,improved
31161,0.0183,0,77681,0.0127,0,0.0056,c/unit_11/subblock/reg[48],d/branch/stream/reg_184[21],yclk,yclk,degraded
66090,0.0073,0,88437,0.0132,0,-0.0059,c/unit_17/subblock/reg[34],d/branch/stream/reg_185[25],zclk,yclk,improved
60782,0.0159,0,73736,0.0129,0,0.003,c/unit_20/subblock/reg[26],d/branch/stream/reg_164[30],zclk,mclk,degraded
25027,0.0197,0,38559,0.0163,0,0.0034,c/unit_11/subblock/reg[40],d/branch/stream/reg_193[22],yclk,zclk,degraded
93504,0.0095,0,41581,0.0095,0,0.0,c/unit_14/subblock/reg[39],d/branch/stream/reg_174[18],mclk,mclk,no change
51103,0.0044,0,55687,0.0115,0,-0.0071,c/unit_14/subblock/reg[53],d/branch/stream/reg_129[1],yclk,mclk,improved
85743,0.0151,0,60797,0.0104,0,0.0047,c/unit_13/subblock/reg[45],d/branch/stream/reg_101[6],zclk,zclk,degraded
87042,0.0052,0,99592,-0.0047,0,0.0099,c/unit_16/subblock/reg[24],d/branch/stream/reg_156[21],mclk,zclk,degraded
60509,0.0078,0,93920,0.0078,0,0.0,c/unit_12/subblock/reg[8],d/branch/stream/reg_118[51],zclk,mclk,no change
69406,0.0048,0,83552,0.0121,0,-0.0073,c/unit_20/subblock/reg[44],d/branch/stream/reg_143[47],yclk,zclk,improved
63373,0.0168,0,79975,0.0168,0,0.0,c/unit_18/subblock/reg[41],d/branch/stream/reg_174[35],zclk,yclk,no change
91196,0.0168,0,39320,0.0104,0,0.0064,c/unit_19/subblock/reg[37],d/branch/stream/reg_149[19],mclk,zclk,degraded
30529,0.0088,0,91129,0.0125,0,-0.0037,c/unit_20/subblock/reg[10],d/branch/stream/reg_178[16],zclk,yclk,improved
26746,0.005,0,23946,0.0034,0,0.0016,c/unit_17/subblock/reg[35],d/branch/stream/reg_191[4],mclk,yclk,degraded
20927,0.012,0,77439,0.0191,0,-0.0071,c/unit_17/subblock/reg[11],d/branch/stream/reg_162[56],mclk,zclk,improved
95817,0.0081,0,32032,0.0038,0,0.0043,c/unit_17/subblock/reg[61],d/branch/stream/reg_178[50],yclk,mclk,degraded
20401,0.0196,0,90228,0.0196,0,0.0,c/unit_12/subblock/reg[39],d/branch/stream/reg_118[8],zclk,mclk,no change
66074,0.0086,0,59897,0.0086,0,0.0,c/unit_12/subblock/reg[30],d/branch/stream/reg_188[23],yclk,yclk,no change
20213,0.0029,0,48141,0.0114,0,-0.0085,c/unit_18/subblock/reg[25],d/branch/stream/reg_176[46],zclk,mclk,improved
69923,0.0076,0,57216,0.0076,0,0.0,c/unit_11/subblock/reg[24],d/branch/stream/reg_199[45],zclk,mclk,no change
37800,0.0087,0,54378,0.0006,0,0.0081,c/unit_14/subblock/reg[57],d/branch/stream/reg_171[0],zclk,mclk,degraded
67083,0.0147,0,62975,0.0147,0,0.0,c/unit_20/subblock/reg[12],d/branch/stream/reg_157[45],yclk,yclk,no change
64845,0.0099,0,30880,0.0142,0,-0.0043,c/unit_11/subblock/reg[18],d/branch/stream/reg_173[31],yclk,yclk,improved
47726,0.0127,0,65724,0.0127,0,0.0,c/unit_16/subblock/reg[57],d/branch/stream/reg_183[16],yclk,yclk,no change
66832,0.001,0,71323,0.0103,0,-0.0093,c/unit_14/subblock/reg[3],d/branch/stream/reg_110[25],mclk,mclk,improved
22748,0.0146,0,21937,0.0146,0,0.0,c/unit_15/subblock/reg[39],d/branch/stream/reg_145[50],zclk,mclk,no change
35032,0.0141,0,60771,0.0141,0,0.0,c/unit_11/subblock/reg[17],d/branch/stream/reg_130[23],zclk,zclk,no change
22249,0.0094,0,64578,0.0094,0,0.0,c/unit_12/subblock/reg[18],d/branch/stream/reg_162[40],zclk,yclk,no change
44964,0.0117,0,90163,0.0205,0,-0.0088,c/unit_11/subblock/reg[38],d/branch/stream/reg_183[61],zclk,yclk,improved
27183,0.0054,0,36887,0.0125,0,-0.0071,c/unit_18/subblock/reg[39],d/branch/stream/reg_129[25],yclk,yclk,improved
57552,0.0071,0,54589,0.0071,0,0.0,c/unit_20/subblock/reg[45],d/branch/stream/reg_103[39],zclk,mclk,no change
98487,0.0039,0,37163,0.0039,0,0.0,c/unit_19/subblock/reg[39],d/branch/stream/reg_190[39],mclk,zclk,no change
51567,0.003,0,62772,0.003,0,0.0,c/unit_13/subblock/reg[23],d/branch/stream/reg_182[37],zclk,zclk,no change
98105,0.0074,0,35467,0.0074,0,0.0,c/unit_11/subblock/reg[13],d/branch/stream/reg_132[41],yclk,zclk,no change
76318,0.0058,0,70202,0.0058,0,0.0,c/unit_16/subblock/reg[52],d/branch/stream/reg_157[51],mclk,yclk,no change
21239,0.0191,0,94525,0.0125,0,0.0066,c/unit_11/subblock/reg[15],d/branch/stream/reg_159[61],yclk,zclk,degraded
50859,0.01,0,76037,0.01,0,0.0,c/unit_20/subblock/reg[39],d/branch/stream/reg_130[16],mclk,mclk,no change
21750,0.0036,0,56786,0.0036,0,0.0,c/unit_19/subblock/reg[48],d/branch/stream/reg_179[50],yclk,yclk,no change
71623,0.0186,0,96285,0.0186,0,0.0,c/unit_17/subblock/reg[12],d/branch/stream/reg_169[7],zclk,yclk,no change
95848,0.0088,0,80964,0.0088,0,0.0,c/unit_17/subblock/reg[4],d/branch/stream/reg_154[23],yclk,mclk,no change
94946,0.0038,0,72329,0.0038,0,0.0,c/unit_15/subblock/reg[57],d/branch/stream/reg_182[42],zclk,zclk,no change
47519,0.0114,0,34663,0.0088,0,0.0026,c/unit_19/subblock/reg[53],d/branch/stream/reg_172[1],zclk,mclk,degraded
42227,0.0192,0,70506,0.0291,0,-0.0099,c/unit_12/subblock/reg[22],d/branch/stream/reg_126[21],zclk,yclk,improved
88469,0.0054,0,51752,0.0054,0,0.0,c/unit_20/subblock/reg[40],d/branch/stream/reg_146[13],zclk,yclk,no change
28989,0.0187,0,85076,0.0187,0,0.0,c/unit_12/subblock/reg[31],d/branch/stream/reg_171[33],zclk,yclk,no change
91248,0.0064,0,55250,0.0083,0,-0.0019,c/unit_11/subblock/reg[34],d/branch/stream/reg_197[57],yclk,zclk,improved
52105,0.0182,0,33827,0.0158,0,0.0024,c/unit_13/subblock/reg[60],d/branch/stream/reg_162[63],zclk,zclk,degraded
58612,0.0195,0,52889,0.0174,0,0.0021,c/unit_13/subblock/reg[46],d/branch/stream/reg_111[39],mclk,zclk,degraded
83383,0.0168,0,44677,0.0168,0,0.0,c/unit_19/subblock/reg[55],d/branch/stream/reg_152[7],mclk,yclk,no change
58893,0.017,0,38910,0.0204,0,-0.0034,c/unit_19/subblock/reg[39],d/branch/stream/reg_151[17],zclk,zclk,improved
34207,0.0127,0,48152,0.0127,0,0.0,c/unit_14/subblock/reg[1],d/branch/stream/reg_170[9],mclk,yclk,no change
28627,0.0081,0,23571,0.0081,0,0.0,c/unit_13/subblock/reg[10],d/branch/stream/reg_185[29],mclk,yclk,no change
46266,0.019,0,45816,0.0217,0,-0.0027,c/unit_12/subblock/reg[56],d/branch/stream/reg_187[4],mclk,mclk,improved
29237,0.0154,0,76189,0.0114,0,0.004,c/unit_19/subblock/reg[38],d/branch/stream/reg_182[39],zclk,yclk,degraded
66391,0.0035,0,97896,0.0132,0,-0.0097,c/unit_19/subblock/reg[12],d/branch/stream/reg_122[7],zclk,mclk,improved
64613,0.0182,0,29952,0.0182,0,0.0,c/unit_19/subblock/reg[38],d/branch/stream/reg_159[54],zclk,zclk,no change
70111,0.0159,0,20414,0.0065,0,0.0094,c/unit_15/subblock/reg[1],d/branch/stream/reg_127[61],yclk,zclk,degraded
48628,0.0068,0,44784,0.0068,0,0.0,c/unit_15/subblock/reg[27],d/branch/stream/reg_133[38],yclk,zclk,no change
94058,0.0114,0,39382,0.0164,0,-0.005,c/unit_14/subblock/reg[20],d/branch/stream/reg_106[52],yclk,mclk,improved
43403,0.01,0,22291,0.0007,0,0.0093,c/unit_14/subblock/reg[56],d/branch/stream/reg_114[13],yclk,yclk,degraded
81070,0.0164,0,37098,0.0243,0,-0.0079,c/unit_13/subblock/reg[31],d/branch/stream/reg_149[60],zclk,zclk,improved
80476,0.011,0,73517,0.015,0,-0.004,c/unit_11/subblock/reg[25],d/branch/stream/reg_168[20],yclk,mclk,improved
85731,0.0078,0,34321,0.0053,0,0.0025,c/unit_12/subblock/reg[52],d/branch/stream/reg_121[5],mclk,yclk,degraded
23445,0.0047,0,74826,0.0026,0,0.0021,c/unit_13/subblock/reg[31],d/branch/stream/reg_107[53],zclk,mclk,degraded
58728,0.0032,0,68743,-0.0029,0,0.0061,c/unit_19/subblock/reg[42],d/branch/stream/reg_114[19],zclk,yclk,degraded
34040,0.0167,0,29998,0.0167,0,0.0,c/unit_14/subblock/reg[45],d/branch/stream/reg_120[25],zclk,mclk,no change
99042,0.0101,0,55443,0.0101,0,0.0,c/unit_19/subblock/reg[41],d/branch/stream/reg_159[47],mclk,zclk,no change
34408,0.0168,0,44575,0.0101,0,0.0067,c/unit_14/subblock/reg[34],d/branch/stream/reg_170[27],yclk,yclk,degraded
78509,0.0099,0,92656,0.0099,0,0.0,c/unit_11/subblock/reg[44],d/branch/stream/reg_155[20],yclk,mclk,no change
71664,0.0172,0,64425,0.0191,0,-0.0019,c/unit_20/subblock/reg[29],d/branch/stream/reg_175[26],zclk,mclk,improved
42603,0.0077,0,62344,0.0077,0,0.0,c/unit_20/subblock/reg[21],d/branch/stream/reg_190[59],mclk,zclk,no change
45435,0.0129,0,55242,0.0129,0,0.0,c/unit_17/subblock/reg[9],d/branch/stream/reg_152[37],yclk,yclk,no change
86904,0.0135,0,80152,0.0219,0,-0.0084,c/unit_16/subblock/reg[32],d/branch/stream/reg_199[27],yclk,mclk,improved
81754,0.0024,0,31893,0.0024,0,0.0,c/unit_16/subblock/reg[2],d/branch/stream/reg_142[31],mclk,zclk,no change
59394,0.0092,0,69438,0.0165,0,-0.0073,c/unit_14/subblock/reg[22],d/branch/stream/reg_142[18],yclk,mclk,improved
54431,0.0051,0,46669,0.0124,0,-0.0073,c/unit_19/subblock/reg[28],d/branch/stream/reg_149[46],yclk,mclk,improved
99617,0.0086,0,38143,0.0185,0,-0.0099,c/unit_18/subblock/reg[29],d/branch/stream/reg_138[46],mclk,zclk,improved
72289,0.0054,0,97398,0.0044,0,0.001,c/unit_17/subblock/reg[54],d/branch/stream/reg_126[7],mclk,yclk,degraded
32672,0.0097,0,75879,0.0097,0,0.0,c/unit_15/subblock/reg[36],d/branch/stream/reg_108[32],zclk,yclk,no change
60945,0.0106,0,34285,0.0201,0,-0.0095,c/unit_19/subblock/reg[28],d/branch/stream/reg_198[1],mclk,yclk,improved
58735,0.0106,0,79148,0.0137,0,-0.0031,c/unit_12/subblock/reg[28],d/branch/stream/reg_187[36],mclk,yclk,improved
87722,0.0069,0,52703,0.0031,0,0.0038,c/unit_11/subblock/reg[19],d/branch/stream/reg_188[0],mclk,yclk,degraded
22210,0.0109,0,29313,0.0124,0,-0.0015,c/unit_18/subblock/reg[61],d/branch/stream/reg_102[0],mclk,mclk,improved
64330,0.0141,0,95337,0.0186,0,-0.0045,c/unit_16/subblock/reg[32],d/branch/stream/reg_195[8],zclk,mclk,improved
37449,0.0085,0,71824,0.0053,0,0.0032,c/unit_13/subblock/reg[36],d/branch/stream/reg_117[12],zclk,yclk,degraded
44486,0.0115,0,45000,0.0138,0,-0.0023,c/unit_15/subblock/reg[59],d/branch/stream/reg_194[4],yclk,yclk,improved
49294,0.0061,0,72747,0.0061,0,0.0,c/unit_19/subblock/reg[42],d/branch/stream/reg_191[49],yclk,yclk,no change
20045,0.013,0,55076,0.0209,0,-0.0079,c/unit_16/subblock/reg[10],d/branch/stream/reg_133[12],yclk,zclk,improved
21101,0.0147,0,92155,0.0096,0,0.0051,c/unit_20/subblock/reg[28],d/branch/stream/reg_192[18],yclk,yclk,degraded
87868,0.0082,0,89262,0.0082,0,0.0,c/unit_20/subblock/reg[1],d/branch/stream/reg_190[55],mclk,mclk,no change
79187,0.0104,0,72647,0.0104,0,0.0,c/unit_19/subblock/reg[12],d/branch/stream/reg_190[4],mclk,yclk,no change
31646,0.0105,0,30685,0.0034,0,0.0071,c/unit_17/subblock/reg[0],d/branch/stream/reg_130[0],mclk,mclk,degraded
82683,0.0126,0,97193,0.0183,0,-0.0057,c/unit_12/subblock/reg[52],d/branch/stream/reg_178[12],mclk,zclk,improved
79563,0.0036,0,85750,0.0036,0,0.0,c/unit_20/subblock/reg[36],d/branch/stream/reg_186[62],zclk,yclk,no change
30020,0.0115,0,53863,0.0142,0,-0.0027,c/unit_15/subblock/reg[19],d/branch/stream/reg_162[3],yclk,zclk,improved
21706,0.0041,0,20049,0.011,0,-0.0069,c/unit_20/subblock/reg[18],d/branch/stream/reg_104[15],mclk,yclk,improved
94924,0.0118,0,80455,0.0209,0,-0.0091,c/unit_11/subblock/reg[38],d/branch/stream/reg_106[36],yclk,yclk,improved
65781,0.0153,0,37628,0.006,0,0.0093,c/unit_18/subblock/reg[28],d/branch/stream/reg_176[26],zclk,yclk,degraded
91517,0.0103,0,56950,0.0103,0,0.0,c/unit_20/subblock/reg[57],d/branch/stream/reg_154[32],mclk,mclk,no change
71449,0.0195,0,59508,0.0195,0,0.0,c/unit_13/subblock/reg[46],d/branch/stream/reg_169[17],mclk,zclk,no change
59793,0.003,0,77561,-0.0043,0,0.0073,c/unit_13/subblock/reg[17],d/branch/stream/reg_166[46],zclk,yclk,degraded
48939,0.0194,0,68946,0.0292,0,-0.0098,c/unit_16/subblock/reg[37],d/branch/stream/reg_125[44],yclk,mclk,improved
94591,0.0081,0,44637,0.0052,0,0.0029,c/unit_16/subblock/reg[8],d/branch/stream/reg_166[59],zclk,yclk,degraded
60807,0.0038,0,68515,0.0061,0,-0.0023,c/unit_13/subblock/reg[45],d/branch/stream/reg_163[53],mclk,zclk,improved
23975,0.019,0,30828,0.019,0,0.0,c/unit_12/subblock/reg[0],d/branch/stream/reg_196[20],yclk,zclk,no change
29644,0.0129,0,71683,0.0129,0,0.0,c/unit_12/subblock/reg[5],d/branch/stream/reg_169[9],zclk,zclk,no change
69219,0.0142,0,74587,0.0125,0,0.0017,c/unit_15/subblock/reg[5],d/branch/stream/reg_145[33],yclk,zclk,degraded
72761,0.014,0,62808,0.0188,0,-0.0048,c/unit_19/subblock/reg[20],d/branch/stream/reg_177[40],yclk,yclk,improved
49999,0.0136,0,76304,0.0136,0,0.0,c/unit_17/subblock/reg[21],d/branch/stream/reg_156[20],zclk,yclk,no change
75549,0.0045,0,81915,0.0045,0,0.0,c/unit_18/subblock/reg[1],d/branch/stream/reg_195[15],mclk,mclk,no change
54508,0.0018,0,38379,0.0018,0,0.0,c/unit_12/subblock/reg[41],d/branch/stream/reg_103[58],mclk,mclk,no change
51567,0.0138,0,87850,0.0138,0,0.0,c/unit_12/subblock/reg[5],d/branch/stream/reg_102[5],mclk,mclk,no change
95343,0.0162,0,83480,0.0162,0,0.0,c/unit_11/subblock/reg[26],d/branch/stream/reg_134[16],yclk,mclk,no change
47648,0.0038,0,46352,0.0094,0,-0.0056,c/unit_20/subblock/reg[39],d/branch/stream/reg_110[20],mclk,yclk,improved
58046,0.0175,0,92232,0.0249,0,-0.0074,c/unit_17/subblock/reg[62],d/branch/stream/reg_114[46],zclk,zclk,improved
83255,0.01,0,48821,0.0067,0,0.0033,c/unit_12/subblock/reg[2],d/branch/stream/reg_107[4],yclk,zclk,degraded
22384,0.0147,0,31472,0.0214,0,-0.0067,c/unit_14/subblock/reg[15],d/branch/stream/reg_155[53],yclk,yclk,improved
44803,0.0124,0,84700,0.0097,0,0.0027,c/unit_20/subblock/reg[13],d/branch/stream/reg_112[10],yclk,yclk,degraded
66814,0.0061,0,42306,0.0128,0,-0.0067,c/unit_18/subblock/reg[48],d/branch/stream/reg_127[0],yclk,zclk,improved
79324,0.0161,0,70554,0.0085,0,0.0076,c/unit_18/subblock/reg[23],d/branch/stream/reg_199[63],yclk,mclk,degraded
76993,0.0071,0,77468,0.0117,0,-0.0046,c/unit_19/subblock/reg[61],d/branch/stream/reg_179[56],zclk,mclk,improved
64114,0.0025,0,70098,0.0124,0,-0.0099,c/unit_11/subblock/reg[35],d/branch/stream/reg_130[32],yclk,mclk,improved
77450,0.013,0,60381,0.013,0,0.0,c/unit_17/subblock/reg[52],d/branch/stream/reg_161[35],yclk,zclk,no change
41984,0.0145,0,39764,0.0108,0,0.0037,c/unit_17/subblock/reg[41],d/branch/stream/reg_197[21],zclk,yclk,degraded
25741,0.0035,0,89185,0.0131,0,-0.0096,c/unit_17/subblock/reg[41],d/branch/stream/reg_107[29],yclk,yclk,improved
56882,0.0102,0,70298,0.0102,0,0.0,c/unit_19/subblock/reg[49],d/branch/stream/reg_132[27],mclk,zclk,no change
36814,0.0157,0,81654,0.0157,0,0.0,c/unit_19/subblock/reg[16],d/branch/stream/reg_138[39],zclk,mclk,no change
31595,0.0011,0,83081,0.0032,0,-0.0021,c/unit_12/subblock/reg[55],d/branch/stream/reg_165[11],zclk,zclk,improved
75600,0.0194,0,41381,0.0125,0,0.0069,c/unit_18/subblock/reg[61],d/branch/stream/reg_165[54],mclk,yclk,degraded
53083,0.0191,0,55483,0.0118,0,0.0073,c/unit_20/subblock/reg[12],d/branch/stream/reg_117[49],zclk,mclk,degraded
39788,0.0184,0,43170,0.0173,0,0.0011,c/unit_19/subblock/reg[56],d/branch/stream/reg_142[32],mclk,zclk,degraded
74083,0.0104,0,97225,0.0104,0,0.0,c/unit_17/subblock/reg[38],d/branch/stream/reg_197[6],yclk,zclk,no change
80303,0.0037,0,95311,0.0037,0,0.0,c/unit_19/subblock/reg[38],d/branch/stream/reg_145[46],mclk,zclk,no change
66572,0.0104,0,41159,0.006,0,0.0044,c/unit_18/subblock/reg[0],d/branch/stream/reg_103[31],mclk,zclk,degraded
26465,0.0139,0,42651,0.0157,0,-0.0018,c/unit_20/subblock/reg[23],d/branch/stream/reg_134[60],zclk,mclk,improved
85986,0.0047,0,26568,0.0047,0,0.0,c/unit_19/subblock/reg[38],d/branch/stream/reg_169[36],mclk,zclk,no change
92928,0.0074,0,49957,0.0074,0,0.0,c/unit_11/subblock/reg[60],d/branch/stream/reg_118[34],mclk,yclk,no change
48106,0.016,0,25826,0.016,0,0.0,c/unit_11/subblock/reg[13],d/branch/stream/reg_103[31],mclk,mclk,no change
44123,0.0084,0,22259,0.0084,0,0.0,c/unit_12/subblock/reg[29],d/branch/stream/reg_141[40],yclk,mclk,no change
66337,0.0106,0,33793,0.0076,0,0.003,c/unit_13/subblock/reg[39],d/branch/stream/reg_186[44],zclk,zclk,degraded
89271,0.0022,0,87699,0.012,0,-0.0098,c/unit_15/subblock/reg[29],d/branch/stream/reg_189[25],zclk,yclk,improved
70204,0.0031,0,52927,0.0001,0,0.003,c/unit_15/subblock/reg[58],d/branch/stream/reg_101[59],mclk,mclk,degraded
98568,0.0092,0,25218,0.0143,0,-0.0051,c/unit_15/subblock/reg[10],d/branch/stream/reg_110[40],zclk,yclk,improved
78589,0.0089,0,25828,0.0089,0,0.0,c/unit_15/subblock/reg[20],d/branch/stream/reg_100[26],yclk,yclk,no change
83769,0.0178,0,37583,0.0211,0,-0.0033,c/unit_14/subblock/reg[46],d/branch/stream/reg_144[33],zclk,mclk,improved
61590,0.0102,0,84947,0.0011,0,0.0091,c/unit_17/subblock/reg[0],d/branch/stream/reg_186[6],yclk,mclk,degraded
31515,0.0043,0,98871,0.0081,0,-0.0038,c/unit_19/subblock/reg[17],d/branch/stream/reg_170[57],zclk,zclk,improved
45305,0.0154,0,86731,0.0097,0,0.0057,c/unit_19/subblock/reg[20],d/branch/stream/reg_100[5],yclk,zclk,degraded
31583,0.0193,0,36202,0.0256,0,-0.0063,c/unit_17/subblock/reg[40],d/branch/stream/reg_113[13],zclk,zclk,improved
68633,0.0092,0,80369,0.0063,0,0.0029,c/unit_20/subblock/reg[11],d/branch/stream/reg_121[46],yclk,zclk,degraded
87519,0.0111,0,99199,0.0111,0,0.0,c/unit_18/subblock/reg[45],d/branch/stream/reg_109[15],mclk,yclk,no change
55004,0.0127,0,51992,0.0127,0,0.0,c/unit_19/subblock/reg[57],d/branch/stream/reg_148[19],zclk,zclk,no change
46128,0.0041,0,40400,0.0041,0,0.0,c/unit_15/subblock/reg[8],d/branch/stream/reg_142[12],yclk,mclk,no change
77106,0.0109,0,24145,0.0087,0,0.0022,c/unit_15/subblock/reg[26],d/branch/stream/reg_171[23],yclk,zclk,degraded
20403,0.0056,0,42109,-0.0037,0,0.0093,c/unit_19/subblock/reg[47],d/branch/stream/reg_119[62],yclk,mclk,degraded
94054,0.0174,0,60204,0.0117,0,0.0057,c/unit_15/subblock/reg[35],d/branch/stream/reg_137[14],mclk,zclk,degraded
61714,0.018,0,69535,0.018,0,0.0,c/unit_11/subblock/reg[57],d/branch/stream/reg_193[63],zclk,mclk,no change
41552,0.0166,0,22405,0.0166,0,0.0,c/unit_14/subblock/reg[9],d/branch/stream/reg_127[51],zclk,mclk,no change
33928,0.0128,0,85969,0.0128,0,0.0,c/unit_15/subblock/reg[41],d/branch/stream/reg_116[31],zclk,yclk,no change
25357,0.01,0,45585,0.0068,0,0.0032,c/unit_20/subblock/reg[60],d/branch/stream/reg_103[14],zclk,yclk,degraded
49526,0.0095,0,43774,0.0183,0,-0.0088,c/unit_14/subblock/reg[29],d/branch/stream/reg_132[38],yclk,yclk,improved
77181,0.0059,0,25144,-0.0014,0,0.0073,c/unit_17/subblock/reg[46],d/branch/stream/reg_138[36],yclk,yclk,degraded
49241,0.0099,0,97600,0.0099,0,0.0,c/unit_20/subblock/reg[16],d/branch/stream/reg_177[62],zclk,mclk,no change
26351,0.0146,0,89281,0.0186,0,-0.004,c/unit_16/subblock/reg[33],d/branch/stream/reg_119[38],zclk,yclk,improved
81601,0.0042,0,47027,0.0042,0,0.0,c/unit_18/subblock/reg[38],d/branch/stream/reg_175[48],zclk,mclk,no change
68259,0.0171,0,70369,0.0134,0,0.0037,c/unit_17/subblock/reg[21],d/branch/stream/reg_179[42],yclk,zclk,degraded
51433,0.0086,0,99707,0.0182,0,-0.0096,c/unit_19/subblock/reg[11],d/branch/stream/reg_107[21],yclk,zclk,improved
66929,0.0031,0,84994,0.0044,0,-0.0013,c/unit_15/subblock/reg[48],d/branch/stream/reg_178[0],yclk,yclk,improved
87452,0.0183,0,92119,0.0183,0,0.0,c/unit_20/subblock/reg[6],d/branch/stream/reg_198[22],mclk,mclk,no change
68425,0.0042,0,34900,0.0042,0,0.0,c/unit_13/subblock/reg[31],d/branch/stream/reg_133[16],yclk,yclk,no change
74213,0.0049,0,64646,-0.0012,0,0.0061,c/unit_13/subblock/reg[52],d/branch/stream/reg_152[43],yclk,yclk,degraded
49753,0.0129,0,92327,0.0188,0,-0.0059,c/unit_17/subblock/reg[3],d/branch/stream/reg_103[5],zclk,mclk,improved
90408,0.0159,0,59765,0.0253,0,-0.0094,c/unit_16/subblock/reg[28],d/branch/stream/reg_194[39],mclk,yclk,improved
85648,0.0082,0,28002,0.0082,0,0.0,c/unit_12/subblock/reg[63],d/branch/stream/reg_103[36],zclk,zclk,no change
97399,0.0053,0,70789,0.0121,0,-0.0068,c/unit_19/subblock/reg[40],d/branch/stream/reg_189[37],yclk,mclk,improved
36953,0.0175,0,54937,0.0131,0,0.0044,c/unit_20/subblock/reg[34],d/branch/stream/reg_102[52],yclk,yclk,degraded
39848,0.0169,0,74528,0.0169,0,0.0,c/unit_19/subblock/reg[7],d/branch/stream/reg_129[35],zclk,yclk,no change
45256,0.0159,0,26113,0.0159,0,0.0,c/unit_15/subblock/reg[21],d/branch/stream/reg_147[36],yclk,zclk,no change
26030,0.0128,0,45021,0.0157,0,-0.0029,c/unit_11/subblock/reg[19],d/branch/stream/reg_125[50],mclk,mclk,improved
87562,0.0158,0,29631,0.021,0,-0.0052,c/unit_18/subblock/reg[61],d/branch/stream/reg_162[59],mclk,zclk,improved
39406,0.008,0,70039,0.008,0,0.0,c/unit_19/subblock/reg[5],d/branch/stream/reg_130[27],zclk,mclk,no change
22450,0.0144,0,26799,0.0144,0,0.0,c/unit_19/subblock/reg[12],d/branch/stream/reg_127[58],zclk,mclk,no change
87191,0.0165,0,29205,0.0091,0,0.0074,c/unit_17/subblock/reg[48],d/branch/stream/reg_113[19],zclk,mclk,degraded
29155,0.0136,0,41033,0.0109,0,0.0027,c/unit_15/subblock/reg[35],d/branch/stream/reg_116[52],mclk,zclk,degraded
90863,0.013,0,56850,0.013,0,0.0,c/unit_15/subblock/reg[2],d/branch/stream/reg_189[17],yclk,mclk,no change
37991,0.0185,0,86631,0.0205,0,-0.002,c/unit_16/subblock/reg[22],d/branch/stream/reg_100[57],mclk,zclk,improved
62077,0.0122,0,44616,0.0166,0,-0.0044,c/unit_14/subblock/reg[32],d/branch/stream/reg_145[26],yclk,zclk,improved
24218,0.019,0,37412,0.0218,0,-0.0028,c/unit_18/subblock/reg[8],d/branch/stream/reg_104[38],yclk,mclk,improved
87400,0.0115,0,60216,0.007,0,0.0045,c/unit_19/subblock/reg[53],d/branch/stream/reg_151[43],mclk,zclk,degraded
90573,0.0017,0,37437,0.0017,0,0.0,c/unit_11/subblock/reg[26],d/branch/stream/reg_198[14],yclk,mclk,no change
67717,0.019,0,91132,0.019,0,0.0,c/unit_13/subblock/reg[14],d/branch/stream/reg_140[47],zclk,yclk,no change
93032,0.0165,0,96187,0.0178,0,-0.0013,c/unit_15/subblock/reg[2],d/branch/stream/reg_147[14],yclk,zclk,improved
52380,0.0144,0,73880,0.0178,0,-0.0034,c/unit_16/subblock/reg[57],d/branch/stream/reg_105[44],zclk,mclk,improved
77240,0.0198,0,22306,0.0168,0,0.003,c/unit_12/subblock/reg[40],d/branch/stream/reg_131[39],yclk,yclk,degraded
47065,0.015,0,81090,0.015,0,0.0,c/unit_17/subblock/reg[46],d/branch/stream/reg_153[8],mclk,mclk,no change
80307,0.018,0,78104,0.018,0,0.0,c/unit_17/subblock/reg[53],d/branch/stream/reg_160[9],mclk,yclk,no change
50584,0.0107,0,87252,0.0151,0,-0.0044,c/unit_13/subblock/reg[13],d/branch/stream/reg_174[3],zclk,yclk,improved
61731,0.0165,0,93648,0.0141,0,0.0024,c/unit_20/subblock/reg[11],d/branch/stream/reg_110[49],mclk,zclk,degraded
38576,0.0083,0,86328,0.0104,0,-0.0021,c/unit_17/subblock/reg[43],d/branch/stream/reg_190[62],mclk,zclk,improved
64584,0.0157,0,86439,0.0157,0,0.0,c/unit_19/subblock/reg[40],d/branch/stream/reg_168[50],zclk,yclk,no change
27619,0.0029,0,67821,-0.0003,0,0.0032,c/unit_14/subblock/reg[8],d/branch/stream/reg_190[56],yclk,zclk,degraded
85985,0.0077,0,23792,0.0012,0,0.0065,c/unit_13/subblock/reg[41],d/branch/stream/reg_162[7],mclk,zclk,degraded
64194,0.0109,0,45516,0.0109,0,0.0,c/unit_15/subblock/reg[11],d/branch/stream/reg_110[50],zclk,zclk,no change
49496,0.0045,0,78941,0.0143,0,-0.0098,c/unit_12/subblock/reg[49],d/branch/stream/reg_160[58],yclk,mclk,improved
32557,0.0167,0,68063,0.0217,0,-0.005,c/unit_20/subblock/reg[50],d/branch/stream/reg_161[7],zclk,yclk,improved
22786,0.0049,0,45400,0.0049,0,0.0,c/unit_16/subblock/reg[34],d/branch/stream/reg_120[61],mclk,zclk,no change
89367,0.015,0,71263,0.016,0,-0.001,c/unit_13/subblock/reg[51],d/branch/stream/reg_186[23],zclk,mclk,improved
92705,0.0029,0,72968,-0.0034,0,0.0063,c/unit_11/subblock/reg[60],d/branch/stream/reg_157[35],zclk,yclk,degraded
40613,0.0121,0,46372,0.0185,0,-0.0064,c/unit_12/subblock/reg[59],d/branch/stream/reg_110[60],zclk,zclk,improved
95981,0.0057,0,99759,0.014,0,-0.0083,c/unit_15/subblock/reg[35],d/branch/stream/reg_199[0],mclk,mclk,improved
23531,0.0145,0,23258,0.02,0,-0.0055,c/unit_11/subblock/reg[40],d/branch/stream/reg_116[2],mclk,zclk,improved
88882,0.0133,0,60950,0.0048,0,0.0085,c/unit_16/subblock/reg[51],d/branch/stream/reg_103[61],zclk,yclk,degraded
88499,0.0145,0,92202,0.0118,0,0.0027,c/unit_11/subblock/reg[49],d/branch/stream/reg_116[8],zclk,mclk,degraded
72664,0.0194,0,42970,0.0097,0,0.0097,c/unit_17/subblock/reg[47],d/branch/stream/reg_153[35],zclk,yclk,degraded
70731,0.0133,0,28307,0.0152,0,-0.0019,c/unit_19/subblock/reg[23],d/branch/stream/reg_116[4],zclk,mclk,improved
20349,0.0147,0,80608,0.0147,0,0.0,c/unit_16/subblock/reg[20],d/branch/stream/reg_118[17],yclk,zclk,no change
69075,0.003,0,42548,0.003,0,0.0,c/unit_14/subblock/reg[61],d/branch/stream/reg_196[26],yclk,yclk,no change
47361,0.0175,0,28654,0.0123,0,0.0052,c/unit_19/subblock/reg[34],d/branch/stream/reg_107[28],zclk,zclk,degraded
76247,0.0111,0,83385,0.0071,0,0.004,c/unit_18/subblock/reg[11],d/branch/stream/reg_197[27],yclk,mclk,degraded
30953,0.0193,0,86545,0.0121,0,0.0072,c/unit_15/subblock/reg[20],d/branch/stream/reg_187[22],mclk,mclk,degraded
97288,0.0174,0,52912,0.0174,0,0.0,c/unit_14/subblock/reg[43],d/branch/stream/reg_117[2],mclk,yclk,no change
96778,0.0174,0,29860,0.0098,0,0.0076,c/unit_19/subblock/reg[41],d/branch/stream/reg_194[50],zclk,yclk,degraded
30207,0.0108,0,69481,0.0134,0,-0.0026,c/unit_11/subblock/reg[17],d/branch/stream/reg_156[60],mclk,yclk,improved
50507,0.0031,0,72496,-0.0001,0,0.0032,c/unit_14/subblock/reg[56],d/branch/stream/reg_180[56],mclk,mclk,degraded
