orig path,orig slack,orig cycles,exp path,exp slack,exp cycles,delta slack,start point,end point,source clk,destination clock,delta classification
98975,0.0045,0,92101,0.0057,0,-0.0012,c/unit_16/subblock/reg[33],d/branch/stream/reg_189[55],zclk,zclk,improved
75519,0.0057,0,57801,-0.0025,0,0.0082,c/unit_11/subblock/reg[44],d/branch/stream/reg_172[34],yclk,yclk,degraded
67689,0.0051,0,82812,0.0051,0,0.0,c/unit_19/subblock/reg[30],d/branch/stream/reg_111[13],yclk,zclk,no change
80159,0.0196,0,33817,0.013,0,0.0066,c/unit_18/subblock/reg[27],d/branch/stream/reg_108[32],zclk,zclk,degraded
36525,0.0165,0,35531,0.0086,0,0.0079,c/unit_18/subblock/reg[40],d/branch/stream/reg_184[11],yclk,mclk,degraded
81866,0.0061,0,75976,0.0061,0,0.0,c/unit_19/subblock/reg[18],d/branch/stream/reg_149[11],mclk,yclk,no change
79744,0.0181,0,29188,0.0181,0,0.0,c/unit_19/subblock/reg[28],d/branch/stream/reg_175[14],zclk,yclk,no change
92394,0.0147,0,66608,0.0147,0,0.0,c/unit_14/subblock/reg[57],d/branch/stream/reg_158[50],mclk,zclk,no change
47443,0.0122,0,63270,0.0063,0,0.0059,c/unit_12/subblock/reg[39],d/branch/stream/reg_136[9],zclk,zclk,degraded
94129,0.0066,0,44078,0.0144,0,-0.0078,c/unit_13/subblock/reg[26],d/branch/stream/reg_109[30],zclk,yclk,improved
98695,0.0063,0,76856,0.0063,0,0.0,c/unit_12/subblock/reg[14],d/branch/stream/reg_171[36],zclk,yclk,no change
43457,0.0148,0,46067,0.0148,0,0.0,c/unit_16/subblock/reg[63],d/branch/stream/reg_119[44],zclk,zclk,no change
60523,0.0097,0,29884,0.0086,0,0.0011,c/unit_12/subblock/reg[27],d/branch/stream/reg_138[21],yclk,zclk,degraded
79042,0.0092,0,51741,0.004,0,0.0052,c/unit_14/subblock/reg[7],d/branch/stream/reg_116[16],mclk,zclk,degraded
64117,0.001,0,92144,0.0101,0,-0.0091,c/unit_12/subblock/reg[2],d/branch/stream/reg_189[48],yclk,mclk,improved
25146,0.004,0,42749,0.0115,0,-0.0075,c/unit_15/subblock/reg[49],d/branch/stream/reg_152[30],mclk,yclk,improved
92693,0.0136,0,33649,0.0079,0,0.0057,c/unit_17/subblock/reg[38],d/branch/stream/reg_151[58],mclk,zclk,degraded
43048,0.0124,0,22834,0.0124,0,0.0,c/unit_11/subblock/reg[48],d/branch/stream/reg_158[57],mclk,yclk,no change
52144,0.0042,0,92342,0.0008,0,0.0034,c/unit_12/subblock/reg[44],d/branch/stream/reg_123[40],zclk,yclk,degraded
42950,0.0037,0,40585,0.0027,0,0.001,c/unit_17/subblock/reg[33],d/branch/stream/reg_192[60],yclk,zclk,degraded
72599,0.018,0,72092,0.0114,0,0.0066,c/unit_19/subblock/reg[28],d/branch/stream/reg_138[37],mclk,mclk,degraded
46232,0.0046,0,60396,0.0125,0,-0.0079,c/unit_17/subblock/reg[2],d/branch/stream/reg_118[16],zclk,zclk,improved
96708,0.0175,0,85560,0.0116,0,0.0059,c/unit_20/subblock/reg[2],d/branch/stream/reg_144[30],mclk,zclk,degraded
55831,0.0079,0,85552,0.0079,0,0.0,c/unit_12/subblock/reg[54],d/branch/stream/reg_146[2],yclk,zclk,no change
30915,0.0067,0,42993,0.0067,0,0.0,c/unit_18/subblock/reg[24],d/branch/stream/reg_181[34],yclk,yclk,no change
99589,0.0153,0,80416,0.0236,0,-0.0083,c/unit_15/subblock/reg[4],d/branch/stream/reg_110[41],yclk,mclk,improved
23011,0.0017,0,60894,0.0017,0,0.0,c/unit_16/subblock/reg[48],d/branch/stream/reg_147[28],zclk,yclk,no change
84313,0.0104,0,79123,0.0148,0,-0.0044,c/unit_11/subblock/reg[24],d/branch/stream/reg_100[36],mclk,yclk,improved
55277,0.0118,0,32016,0.0166,0,-0.0048,c/unit_11/subblock/reg[55],d/branch/stream/reg_195[55],mclk,mclk,improved
22402,0.0025,0,99446,0.004,0,-0.0015,c/unit_20/subblock/reg[47],d/branch/stream/reg_131[42],zclk,zclk,improved
92532,0.0092,0,84872,0.0052,0,0.004,c/unit_11/subblock/reg[50],d/branch/stream/reg_147[1],zclk,mclk,degraded
42208,0.0011,0,78464,0.0011,0,0.0,c/unit_14/subblock/reg[63],d/branch/stream/reg_169[4],zclk,yclk,no change
29394,0.005,0,89721,0.0038,0,0.0012,c/unit_15/subblock/reg[24],d/branch/stream/reg_117[44],mclk,yclk,degraded
69961,0.0066,0,82187,0.0066,0,0.0,c/unit_18/subblock/reg[37],d/branch/stream/reg_171[46],yclk,zclk,no change
28838,0.0102,0,53927,0.0058,0,0.0044,c/unit_12/subblock/reg[21],d/branch/stream/reg_153[39],yclk,zclk,degraded
84301,0.0089,0,65575,0.0089,0,0.0,c/unit_20/subblock/reg[7],d/branch/stream/reg_175[2],mclk,yclk,no change
65005,0.0134,0,45949,0.0211,0,-0.0077,c/unit_17/subblock/reg[28],d/branch/stream/reg_199[55],mclk,yclk,improved
29971,0.0095,0,99499,0.0012,0,0.0083,c/unit_13/subblock/reg[40],d/branch/stream/reg_110[24],zclk,zclk,degraded
25455,0.0087,0,33305,0.004,0,0.0047,c/unit_17/subblock/reg[6],d/branch/stream/reg_161[42],yclk,mclk,degraded
27322,0.0065,0,42159,-0.0011,0,0.0076,c/unit_18/subblock/reg[53],d/branch/stream/reg_160[60],mclk,yclk,degraded
29908,0.0141,0,50752,0.0208,0,-0.0067,c/unit_14/subblock/reg[19],d/branch/stream/reg_104[17],mclk,mclk,improved
39843,0.0089,0,93861,0.0089,0,0.0,c/unit_11/subblock/reg[37],d/branch/stream/reg_141[43],yclk,zclk,no change
93268,0.0113,0,36844,0.0113,0,0.0,c/unit_13/subblock/reg[45],d/branch/stream/reg_199[32],zclk,zclk,no change
46556,0.0039,0,33587,0.0026,0,0.0013,c/unit_11/subblock/reg[48],d/branch/stream/reg_154[31],mclk,mclk,degraded
53498,0.004,0,48251,0.0008,0,0.0032,c/unit_13/subblock/reg[52],d/branch/stream/reg_111[62],mclk,zclk,degraded
83939,0.0033,0,60922,0.0095,0,-0.0062,c/unit_15/subblock/reg[45],d/branch/stream/reg_174[56],mclk,mclk,improved
44837,0.0037,0,47023,0.0076,0,-0.0039,c/unit_18/subblock/reg[39],d/branch/stream/reg_190[52],yclk,mclk,improved
74867,0.001,0,62857,0.0062,0,-0.0052,c/unit_19/subblock/reg[55],d/branch/stream/reg_199[33],mclk,mclk,improved
70631,0.0016,0,58946,-0.0022,0,0.0038,c/unit_16/subblock/reg[2],d/branch/stream/reg_149[0],mclk,zclk,degraded
28329,0.0184,0,79854,0.0253,0,-0.0069,c/unit_19/subblock/reg[60],d/branch/stream/reg_116[42],zclk,yclk,improved
74506,0.0183,0,45016,0.0236,0,-0.0053,c/unit_20/subblock/reg[14],d/branch/stream/reg_185[35],yclk,mclk,improved
86093,0.0157,0,23413,0.0205,0,-0.0048,c/unit_20/subblock/reg[20],d/branch/stream/reg_122[59],yclk,zclk,improved
44664,0.0046,0,56886,0.0046,0,0.0,c/unit_17/subblock/reg[14],d/branch/stream/reg_127[3],zclk,yclk,no change
87792,0.0153,0,83895,0.0241,0,-0.0088,c/unit_18/subblock/reg[28],d/branch/stream/reg_151[56],zclk,zclk,improved
38695,0.0192,0,49852,0.0192,0,0.0,c/unit_20/subblock/reg[1],d/branch/stream/reg_115[47],zclk,zclk,no change
67530,0.014,0,68553,0.0122,0,0.0018,c/unit_17/subblock/reg[50],d/branch/stream/reg_104[50],mclk,zclk,degraded
88000,0.0058,0,46222,0.0021,0,0.0037,c/unit_17/subblock/reg[37],d/branch/stream/reg_153[24],mclk,mclk,degraded
49308,0.0014,0,97326,0.0113,0,-0.0099,c/unit_14/subblock/reg[40],d/branch/stream/reg_144[13],mclk,yclk,improved
97192,0.0122,0,82695,0.0166,0,-0.0044,c/unit_17/subblock/reg[1],d/branch/stream/reg_180[0],yclk,yclk,improved
71176,0.0088,0,58174,0.0025,0,0.0063,c/unit_20/subblock/reg[47],d/branch/stream/reg_183[5],zclk,zclk,degraded
95808,0.0042,0,64267,0.0138,0,-0.0096,c/unit_14/subblock/reg[63],d/branch/stream/reg_131[36],zclk,mclk,improved
67515,0.0113,0,92534,0.0113,0,0.0,c/unit_17/subblock/reg[17],d/branch/stream/reg_139[6],zclk,zclk,no change
85780,0.0185,0,85123,0.0117,0,0.0068,c/unit_11/subblock/reg[53],d/branch/stream/reg_197[55],mclk,yclk,degraded
65445,0.0089,0,53250,0.0108,0,-0.0019,c/unit_17/subblock/reg[59],d/branch/stream/reg_185[32],yclk,yclk,improved
85086,0.0105,0,99342,0.0105,0,0.0,c/unit_11/subblock/reg[23],d/branch/stream/reg_123[58],yclk,mclk,no change
96197,0.0158,0,88672,0.0158,0,0.0,c/unit_17/subblock/reg[35],d/branch/stream/reg_191[26],yclk,yclk,no change
48619,0.0033,0,61591,0.0043,0,-0.001,c/unit_13/subblock/reg[45],d/branch/stream/reg_169[47],mclk,zclk,improved
90624,0.0052,0,83656,0.0052,0,0.0,c/unit_13/subblock/reg[16],d/branch/stream/reg_118[14],yclk,yclk,no change
84812,0.0061,0,82572,0.0078,0,-0.0017,c/unit_15/subblock/reg[58],d/branch/stream/reg_146[52],mclk,yclk,improved
21421,0.0166,0,59856,0.0262,0,-0.0096,c/unit_11/subblock/reg[25],d/branch/stream/reg_126[1],zclk,yclk,improved
45984,0.0084,0,23541,0.0084,0,0.0,c/unit_20/subblock/reg[4],d/branch/stream/reg_173[36],zclk,zclk,no change
46835,0.0185,0,98185,0.0185,0,0.0,c/unit_19/subblock/reg[54],d/branch/stream/reg_173[59],mclk,zclk,no change
75535,0.0059,0,37318,-0.0001,0,0.006,c/unit_12/subblock/reg[2],d/branch/stream/reg_137[50],zclk,mclk,degraded
78040,0.0188,0,62101,0.0188,0,0.0,c/unit_19/subblock/reg[37],d/branch/stream/reg_150[58],yclk,zclk,no change
33679,0.0187,0,74561,0.0187,0,0.0,c/unit_19/subblock/reg[28],d/branch/stream/reg_195[51],yclk,yclk,no change
26245,0.0011,0,22204,0.0071,0,-0.006,c/unit_19/subblock/reg[8],d/branch/stream/reg_113[49],zclk,mclk,improved
52523,0.0119,0,31609,0.0102,0,0.0017,c/unit_16/subblock/reg[24],d/branch/stream/reg_124[4],mclk,yclk,degraded
35494,0.0067,0,21139,0.011,0,-0.0043,c/unit_20/subblock/reg[24],d/branch/stream/reg_189[54],zclk,yclk,improved
30831,0.0105,0,64282,0.0105,0,0.0,c/unit_14/subblock/reg[45],d/branch/stream/reg_169[58],mclk,yclk,no change
62952,0.0129,0,71180,0.0063,0,0.0066,c/unit_17/subblock/reg[29],d/branch/stream/reg_141[55],mclk,yclk,degraded
82154,0.0051,0,53713,0.0104,0,-0.0053,c/unit_13/subblock/reg[50],d/branch/stream/reg_121[53],mclk,zclk,improved
74204,0.0166,0,58096,0.0186,0,-0.002,c/unit_14/subblock/reg[6],d/branch/stream/reg_171[1],yclk,zclk,improved
42247,0.0062,0,25070,0.0062,0,0.0,c/unit_15/subblock/reg[18],d/branch/stream/reg_136[13],mclk,mclk,no change
24735,0.0104,0,57866,0.0063,0,0.0041,c/unit_13/subblock/reg[26],d/branch/stream/reg_131[27],mclk,zclk,degraded
62478,0.0049,0,71425,0.0049,0,0.0,c/unit_13/subblock/reg[27],d/branch/stream/reg_102[16],yclk,mclk,no change
28970,0.0094,0,79103,0.0094,0,0.0,c/unit_20/subblock/reg[0],d/branch/stream/reg_186[16],mclk,zclk,no change
34490,0.0127,0,73453,0.0048,0,0.0079,c/unit_15/subblock/reg[1],d/branch/stream/reg_114[43],yclk,zclk,degraded
90327,0.0084,0,58311,0.0133,0,-0.0049,c/unit_12/subblock/reg[43],d/branch/stream/reg_164[21],mclk,zclk,improved
65887,0.0103,0,61183,0.0103,0,0.0,c/unit_18/subblock/reg[47],d/branch/stream/reg_113[45],mclk,mclk,no change
65527,0.0184,0,35159,0.0227,0,-0.0043,c/unit_14/subblock/reg[29],d/branch/stream/reg_115[17],yclk,zclk,improved
80404,0.006,0,28036,0.0111,0,-0.0051,c/unit_11/subblock/reg[61],d/branch/stream/reg_126[23],zclk,zclk,improved
94703,0.0057,0,97901,0.0073,0,-0.0016,c/unit_20/subblock/reg[52],d/branch/stream/reg_117[62],mclk,mclk,improved
55209,0.0197,0,73536,0.0247,0,-0.005,c/unit_12/subblock/reg[45],d/branch/stream/reg_174[26],mclk,yclk,improved
45520,0.0078,0,27215,-0.0002,0,0.008,c/unit_11/subblock/reg[5],d/branch/stream/reg_193[36],zclk,yclk,degraded
30465,0.0015,0,93037,0.0015,0,0.0,c/unit_15/subblock/reg[63],d/branch/stream/reg_179[12],zclk,mclk,no change
41378,0.0041,0,21903,0.0041,0,0.0,c/unit_15/subblock/reg[43],d/branch/stream/reg_191[26],yclk,zclk,no change
96307,0.0158,0,96176,0.0101,0,0.0057,c/unit_17/subblock/reg[7],d/branch/stream/reg_104[42],zclk,yclk,degraded
69521,0.0142,0,87943,0.0142,0,0.0,c/unit_11/subblock/reg[31],d/branch/stream/reg_107[0],zclk,yclk,no change
89696,0.0123,0,58536,0.0052,0,0.0071,c/unit_20/subblock/reg[52],d/branch/stream/reg_147[45],yclk,zclk,degraded
97856,0.0043,0,74248,0.0111,0,-0.0068,c/unit_20/subblock/reg[30],d/branch/stream/reg_140[16],yclk,mclk,improved
92541,0.0068,0,66147,0.0068,0,0.0,c/unit_18/subblock/reg[21],d/branch/stream/reg_129[4],mclk,mclk,no change
56342,0.0131,0,97429,0.0199,0,-0.0068,c/unit_16/subblock/reg[24],d/branch/stream/reg_188[28],zclk,mclk,improved
35335,0.0135,0,99797,0.0135,0,0.0,c/unit_11/subblock/reg[39],d/branch/stream/reg_199[57],yclk,zclk,no change
73798,0.0163,0,25132,0.0229,0,-0.0066,c/unit_18/subblock/reg[13],d/branch/stream/reg_109[14],mclk,zclk,improved
82729,0.0138,0,22709,0.0074,0,0.0064,c/unit_12/subblock/reg[20],d/branch/stream/reg_171[47],mclk,zclk,degraded
49787,0.019,0,72127,0.0127,0,0.0063,c/unit_20/subblock/reg[38],d/branch/stream/reg_146[2],yclk,mclk,degraded
71362,0.0073,0,72204,0.0013,0,0.006,c/unit_11/subblock/reg[21],d/branch/stream/reg_115[40],mclk,mclk,degraded
71047,0.0141,0,48567,0.0169,0,-0.0028,c/unit_12/subblock/reg[34],d/branch/stream/reg_180[13],zclk,zclk,improved
86075,0.0101,0,26393,0.0147,0,-0.0046,c/unit_18/subblock/reg[47],d/branch/stream/reg_179[1],yclk,yclk,improved
81297,0.0112,0,95664,0.0208,0,-0.0096,c/unit_20/subblock/reg[13],d/branch/stream/reg_178[2],yclk,yclk,improved
44620,0.0042,0,31268,0.0042,0,0.0,c/unit_12/subblock/reg[30],d/branch/stream/reg_173[38],mclk,mclk,no change
23389,0.0035,0,62292,0.0117,0,-0.0082,c/unit_12/subblock/reg[11],d/branch/stream/reg_197[45],yclk,mclk,improved
81286,0.0126,0,63078,0.0161,0,-0.0035,c/unit_20/subblock/reg[33],d/branch/stream/reg_182[32],mclk,mclk,improved
75457,0.017,0,59364,0.017,0,0.0,c/unit_16/subblock/reg[7],d/branch/stream/reg_143[15],mclk,mclk,no change
76719,0.0158,0,57029,0.0238,0,-0.008,c/unit_16/subblock/reg[0],d/branch/stream/reg_121[39],yclk,mclk,improved
52960,0.0084,0,55583,0.017,0,-0.0086,c/unit_20/subblock/reg[28],d/branch/stream/reg_113[54],yclk,mclk,improved
82276,0.0064,0,88874,0.0088,0,-0.0024,c/unit_13/subblock/reg[25],d/branch/stream/reg_123[36],zclk,yclk,improved
22562,0.0183,0,39815,0.0252,0,-0.0069,c/unit_11/subblock/reg[2],d/branch/stream/reg_110[33],zclk,yclk,improved
24719,0.0093,0,53303,0.0079,0,0.0014,c/unit_15/subblock/reg[11],d/branch/stream/reg_111[33],yclk,zclk,degraded
28700,0.0105,0,69599,0.0164,0,-0.0059,c/unit_15/subblock/reg[21],d/branch/stream/reg_137[39],mclk,zclk,improved
82743,0.007,0,70733,0.015,0,-0.008,c/unit_18/subblock/reg[46],d/branch/stream/reg_178[35],zclk,mclk,improved
97902,0.0013,0,88387,0.0013,0,0.0,c/unit_16/subblock/reg[20],d/branch/stream/reg_157[15],zclk,mclk,no change
53886,0.0027,0,85236,0.01,0,-0.0073,c/unit_13/subblock/reg[20],d/branch/stream/reg_152[43],mclk,yclk,improved
86552,0.0174,0,60918,0.0174,0,0.0,c/unit_20/subblock/reg[47],d/branch/stream/reg_145[8],mclk,mclk,no change
84677,0.0053,0,46313,0.0053,0,0.0,c/unit_11/subblock/reg[56],d/branch/stream/reg_175[21],mclk,zclk,no change
53490,0.0019,0,56027,0.0098,0,-0.0079,c/unit_20/subblock/reg[38],d/branch/stream/reg_157[35],yclk,yclk,improved
49409,0.018,0,68311,0.0194,0,-0.0014,c/unit_14/subblock/reg[46],d/branch/stream/reg_175[55],zclk,zclk,improved
83509,0.0146,0,81266,0.0089,0,0.0057,c/unit_11/subblock/reg[19],d/branch/stream/reg_107[29],zclk,yclk,degraded
41239,0.0063,0,86536,0.0063,0,0.0,c/unit_14/subblock/reg[11],d/branch/stream/reg_126[6],yclk,zclk,no change
75291,0.0102,0,66259,0.0102,0,0.0,c/unit_19/subblock/reg[53],d/branch/stream/reg_131[29],zclk,zclk,no change
87119,0.0167,0,85924,0.0167,0,0.0,c/unit_17/subblock/reg[29],d/branch/stream/reg_172[3],zclk,mclk,no change
36879,0.0161,0,85768,0.0081,0,0.008,c/unit_13/subblock/reg[19],d/branch/stream/reg_163[18],mclk,zclk,degraded
47652,0.009,0,73820,0.009,0,0.0,c/unit_12/subblock/reg[28],d/branch/stream/reg_105[41],mclk,yclk,no change
98734,0.0164,0,71190,0.0215,0,-0.0051,c/unit_19/subblock/reg[54],d/branch/stream/reg_151[3],yclk,zclk,improved
88650,0.0148,0,43241,0.0211,0,-0.0063,c/unit_13/subblock/reg[58],d/branch/stream/reg_113[41],mclk,yclk,improved
40290,0.0028,0,91198,0.0028,0,0.0,c/unit_18/subblock/reg[7],d/branch/stream/reg_104[22],zclk,yclk,no change
82251,0.0105,0,35594,0.0089,0,0.0016,c/unit_20/subblock/reg[7],d/branch/stream/reg_117[18],zclk,zclk,degraded
46105,0.0152,0,62546,0.0094,0,0.0058,c/unit_11/subblock/reg[38],d/branch/stream/reg_166[21],zclk,yclk,degraded
35104,0.0138,0,23201,0.0138,0,0.0,c/unit_13/subblock/reg[33],d/branch/stream/reg_193[10],mclk,zclk,no change
93750,0.0128,0,58102,0.0064,0,0.0064,c/unit_14/subblock/reg[3],d/branch/stream/reg_168[56],zclk,yclk,degraded
24188,0.002,0,88906,0.0097,0,-0.0077,c/unit_12/subblock/reg[36],d/branch/stream/reg_134[57],yclk,mclk,improved
88217,0.0185,0,86785,0.0185,0,0.0,c/unit_14/subblock/reg[51],d/branch/stream/reg_120[49],yclk,mclk,no change
91039,0.002,0,72615,0.0059,0,-0.0039,c/unit_14/subblock/reg[29],d/branch/stream/reg_145[40],yclk,mclk,improved
97071,0.0156,0,63567,0.0183,0,-0.0027,c/unit_18/subblock/reg[28],d/branch/stream/reg_126[29],mclk,zclk,improved
36695,0.0143,0,63154,0.0054,0,0.0089,c/unit_18/subblock/reg[62],d/branch/stream/reg_197[38],zclk,yclk,degraded
31972,0.0144,0,88484,0.0144,0,0.0,c/unit_17/subblock/reg[42],d/branch/stream/reg_165[7],mclk,mclk,no change
99479,0.0195,0,44343,0.0195,0,0.0,c/unit_14/subblock/reg[57],d/branch/stream/reg_111[28],mclk,mclk,no change
47958,0.0139,0,60346,0.0139,0,0.0,c/unit_14/subblock/reg[40],d/branch/stream/reg_171[62],mclk,yclk,no change
51847,0.0153,0,89154,0.0188,0,-0.0035,c/unit_17/subblock/reg[55],d/branch/stream/reg_115[36],zclk,yclk,improved
68096,0.0137,0,67969,0.0231,0,-0.0094,c/unit_13/subblock/reg[56],d/branch/stream/reg_104[51],zclk,zclk,improved
41124,0.0139,0,99263,0.0139,0,0.0,c/unit_17/subblock/reg[26],d/branch/stream/reg_177[41],yclk,yclk,no change
24947,0.0158,0,99669,0.0138,0,0.002,c/unit_11/subblock/reg[7],d/branch/stream/reg_159[57],zclk,zclk,degraded
23693,0.0085,0,71152,0.0066,0,0.0019,c/unit_18/subblock/reg[41],d/branch/stream/reg_177[27],zclk,zclk,degraded
34494,0.0106,0,25949,0.0053,0,0.0053,c/unit_20/subblock/reg[35],d/branch/stream/reg_185[55],zclk,zclk,degraded
87203,0.0047,0,60081,0.0095,0,-0.0048,c/unit_16/subblock/reg[52],d/branch/stream/reg_172[27],yclk,yclk,improved
72365,0.008,0,73785,0.0004,0,0.0076,c/unit_15/subblock/reg[46],d/branch/stream/reg_127[51],zclk,mclk,degraded
61602,0.0142,0,73490,0.0142,0,0.0,c/unit_11/subblock/reg[60],d/branch/stream/reg_151[17],mclk,zclk,no change
43627,0.0034,0,28314,0.0134,0,-0.01,c/unit_15/subblock/reg[28],d/branch/stream/reg_101[63],mclk,yclk,improved
89627,0.0095,0,30573,0.0125,0,-0.003,c/unit_14/subblock/reg[1],d/branch/stream/reg_185[10],mclk,yclk,improved
79692,0.0104,0,68398,0.0104,0,0.0,c/unit_15/subblock/reg[45],d/branch/stream/reg_183[20],mclk,yclk,no change
39378,0.0135,0,44962,0.0135,0,0.0,c/unit_13/subblock/reg[13],d/branch/stream/reg_120[40],zclk,yclk,no change
33091,0.0114,0,58216,0.0114,0,0.0,c/unit_20/subblock/reg[52],d/branch/stream/reg_107[37],mclk,zclk,no change
90540,0.004,0,49679,0.0068,0,-0.0028,c/unit_14/subblock/reg[46],d/branch/stream/reg_139[63],yclk,zclk,improved
54632,0.0119,0,56009,0.0119,0,0.0,c/unit_12/subblock/reg[47],d/branch/stream/reg_140[13],yclk,mclk,no change
83188,0.0182,0,30455,0.0192,0,-0.001,c/unit_15/subblock/reg[20],d/branch/stream/reg_131[7],yclk,zclk,improved
93326,0.0089,0,26819,-0.0,0,0.0089,c/unit_15/subblock/reg[23],d/branch/stream/reg_184[45],yclk,yclk,degraded
60691,0.0037,0,46982,0.0037,0,0.0,c/unit_18/subblock/reg[49],d/branch/stream/reg_140[53],yclk,mclk,no change
29901,0.0146,0,39318,0.0146,0,0.0,c/unit_17/subblock/reg[18],d/branch/stream/reg_153[1],yclk,mclk,no change
79847,0.0188,0,66428,0.0147,0,0.0041,c/unit_16/subblock/reg[16],d/branch/stream/reg_122[60],mclk,yclk,degraded
67502,0.0067,0,85828,0.0134,0,-0.0067,c/unit_16/subblock/reg[20],d/branch/stream/reg_109[27],yclk,yclk,improved
83787,0.0155,0,95228,0.0145,0,0.001,c/unit_11/subblock/reg[51],d/branch/stream/reg_188[53],yclk,zclk,degraded
96765,0.0169,0,62825,0.0208,0,-0.0039,c/unit_12/subblock/reg[55],d/branch/stream/reg_144[18],yclk,yclk,improved
46632,0.0127,0,37177,0.0127,0,0.0,c/unit_16/subblock/reg[35],d/branch/stream/reg_119[43],zclk,yclk,no change
39602,0.0136,0,23525,0.0136,0,0.0,c/unit_18/subblock/reg[11],d/branch/stream/reg_169[60],zclk,zclk,no change
39265,0.0128,0,68868,0.0209,0,-0.0081,c/unit_18/subblock/reg[30],d/branch/stream/reg_185[41],mclk,mclk,improved
73763,0.0012,0,69267,0.0065,0,-0.0053,c/unit_16/subblock/reg[14],d/branch/stream/reg_110[55],yclk,zclk,improved
59179,0.0127,0,98560,0.0127,0,0.0,c/unit_16/subblock/reg[18],d/branch/stream/reg_113[18],mclk,zclk,no change
60613,0.0157,0,79709,0.0126,0,0.0031,c/unit_11/subblock/reg[49],d/branch/stream/reg_164[3],mclk,mclk,degraded
25598,0.0184,0,34818,0.0151,0,0.0033,c/unit_19/subblock/reg[3],d/branch/stream/reg_163[63],mclk,zclk,degraded
54121,0.0099,0,56425,0.0099,0,0.0,c/unit_20/subblock/reg[31],d/branch/stream/reg_173[59],zclk,zclk,no change
73074,0.0029,0,48257,0.0065,0,-0.0036,c/unit_18/subblock/reg[12],d/branch/stream/reg_186[10],zclk,zclk,improved
74439,0.0152,0,29177,0.0152,0,0.0,c/unit_12/subblock/reg[58],d/branch/stream/reg_175[61],mclk,zclk,no change
31825,0.019,0,71059,0.0155,0,0.0035,c/unit_17/subblock/reg[46],d/branch/stream/reg_170[61],zclk,zclk,degraded
90325,0.0058,0,89537,0.0058,0,0.0,c/unit_17/subblock/reg[11],d/branch/stream/reg_138[58],mclk,mclk,no change
78851,0.005,0,22637,0.0036,0,0.0014,c/unit_16/subblock/reg[26],d/branch/stream/reg_104[47],yclk,mclk,degraded
39354,0.0126,0,75874,0.0028,0,0.0098,c/unit_16/subblock/reg[53],d/branch/stream/reg_195[58],zclk,yclk,degraded
54840,0.0143,0,36307,0.0057,0,0.0086,c/unit_12/subblock/reg[60],d/branch/stream/reg_151[11],zclk,yclk,degraded
66965,0.0034,0,53622,-0.0007,0,0.0041,c/unit_11/subblock/reg[31],d/branch/stream/reg_112[58],mclk,yclk,degraded
79041,0.0187,0,77315,0.0198,0,-0.0011,c/unit_11/subblock/reg[42],d/branch/stream/reg_111[1],yclk,yclk,improved
82952,0.0031,0,93518,0.0128,0,-0.0097,c/unit_20/subblock/reg[15],d/branch/stream/reg_106[9],yclk,mclk,improved
69954,0.0067,0,72594,0.0067,0,0.0,c/unit_11/subblock/reg[16],d/branch/stream/reg_173[33],zclk,yclk,no change
83471,0.0147,0,55243,0.0216,0,-0.0069,c/unit_17/subblock/reg[60],d/branch/stream/reg_179[47],yclk,zclk,improved
21742,0.0052,0,84427,0.0036,0,0.0016,c/unit_16/subblock/reg[39],d/branch/stream/reg_129[27],yclk,yclk,degraded
92182,0.019,0,93216,0.0241,0,-0.0051,c/unit_16/subblock/reg[9],d/branch/stream/reg_153[21],yclk,zclk,improved
76539,0.0155,0,86724,0.019,0,-0.0035,c/unit_18/subblock/reg[26],d/branch/stream/reg_161[63],mclk,zclk,improved
26900,0.0196,0,30457,0.0196,0,0.0,c/unit_19/subblock/reg[38],d/branch/stream/reg_174[44],zclk,yclk,no change
73299,0.0136,0,68604,0.0227,0,-0.0091,c/unit_17/subblock/reg[57],d/branch/stream/reg_171[38],yclk,yclk,improved
39509,0.0167,0,51784,0.0085,0,0.0082,c/unit_16/subblock/reg[30],d/branch/stream/reg_167[26],yclk,yclk,degraded
44441,0.013,0,29065,0.0214,0,-0.0084,c/unit_19/subblock/reg[35],d/branch/stream/reg_126[13],mclk,zclk,improved
97872,0.0126,0,64349,0.0211,0,-0.0085,c/unit_19/subblock/reg[44],d/branch/stream/reg_100[5],zclk,yclk,improved
92053,0.0047,0,90014,0.0047,0,0.0,c/unit_14/subblock/reg[4],d/branch/stream/reg_169[35],mclk,mclk,no change
52496,0.0123,0,47134,0.0032,0,0.0091,c/unit_15/subblock/reg[11],d/branch/stream/reg_108[55],zclk,yclk,degraded
42735,0.018,0,29042,0.0144,0,0.0036,c/unit_16/subblock/reg[61],d/branch/stream/reg_183[5],zclk,yclk,degraded
20565,0.0149,0,20273,0.0149,0,0.0,c/unit_12/subblock/reg[55],d/branch/stream/reg_114[52],yclk,mclk,no change
50782,0.0088,0,34925,0.0088,0,0.0,c/unit_20/subblock/reg[62],d/branch/stream/reg_113[47],zclk,mclk,no change
48332,0.0067,0,88286,0.0134,0,-0.0067,c/unit_15/subblock/reg[45],d/branch/stream/reg_189[36],zclk,zclk,improved
92422,0.0185,0,48262,0.0185,0,0.0,c/unit_16/subblock/reg[42],d/branch/stream/reg_126[12],yclk,mclk,no change
92167,0.0172,0,86648,0.0102,0,0.007,c/unit_17/subblock/reg[58],d/branch/stream/reg_131[54],mclk,zclk,degraded
98751,0.0153,0,67006,0.0121,0,0.0032,c/unit_11/subblock/reg[26],d/branch/stream/reg_188[52],yclk,zclk,degraded
76138,0.0118,0,31406,0.0118,0,0.0,c/unit_13/subblock/reg[11],d/branch/stream/reg_147[13],zclk,mclk,no change
75853,0.0167,0,60677,0.0167,0,0.0,c/unit_14/subblock/reg[52],d/branch/stream/reg_102[30],yclk,yclk,no change
87933,0.0091,0,26859,0.0091,0,0.0,c/unit_19/subblock/reg[18],d/branch/stream/reg_113[5],mclk,zclk,no change
40911,0.0021,0,66687,0.0021,0,0.0,c/unit_12/subblock/reg[39],d/branch/stream/reg_130[42],zclk,mclk,no change
65206,0.0178,0,41996,0.0212,0,-0.0034,c/unit_18/subblock/reg[30],d/branch/stream/reg_162[7],zclk,mclk,improved
46609,0.0184,0,48041,0.0119,0,0.0065,c/unit_14/subblock/reg[28],d/branch/stream/reg_131[18],yclk,mclk,degraded
61371,0.0047,0,21535,0.0136,0,-0.0089,c/unit_15/subblock/reg[50],d/branch/stream/reg_181[20],yclk,zclk,improved
91884,0.0084,0,35439,0.0084,0,0.0,c/unit_15/subblock/reg[1],d/branch/stream/reg_191[47],mclk,yclk,no change
67745,0.0171,0,72314,0.02,0,-0.0029,c/unit_20/subblock/reg[45],d/branch/stream/reg_129[48],zclk,zclk,improved
76436,0.0083,0,45970,0.0083,0,0.0,c/unit_19/subblock/reg[31],d/branch/stream/reg_114[53],mclk,zclk,no change
97654,0.0073,0,26324,-0.0023,0,0.0096,c/unit_16/subblock/reg[9],d/branch/stream/reg_133[50],mclk,zclk,degraded
76587,0.0128,0,96900,0.0128,0,0.0,c/unit_14/subblock/reg[34],d/branch/stream/reg_114[42],zclk,yclk,no change
95809,0.0133,0,29955,0.0133,0,0.0,c/unit_14/subblock/reg[39],d/branch/stream/reg_133[43],mclk,yclk,no change
24890,0.009,0,23708,0.008,0,0.001,c/unit_20/subblock/reg[54],d/branch/stream/reg_131[0],yclk,zclk,degraded
41771,0.0086,0,22125,0.0086,0,0.0,c/unit_16/subblock/reg[56],d/branch/stream/reg_193[17],zclk,mclk,no change
85735,0.0141,0,21108,0.0141,0,0.0,c/unit_12/subblock/reg[19],d/branch/stream/reg_159[16],yclk,zclk,no change
87487,0.0196,0,34949,0.0242,0,-0.0046,c/unit_16/subblock/reg[53],d/branch/stream/reg_129[39],zclk,yclk,improved
28407,0.0143,0,63691,0.0088,0,0.0055,c/unit_17/subblock/reg[47],d/branch/stream/reg_140[22],zclk,yclk,degraded
68212,0.0074,0,93825,0.0074,0,0.0,c/unit_16/subblock/reg[58],d/branch/stream/reg_139[12],yclk,mclk,no change
45829,0.0087,0,20939,0.0087,0,0.0,c/unit_15/subblock/reg[40],d/branch/stream/reg_156[6],mclk,zclk,no change
59176,0.0187,0,88266,0.024,0,-0.0053,c/unit_19/subblock/reg[45],d/branch/stream/reg_180[24],yclk,zclk,improved
44024,0.0074,0,54026,0.0121,0,-0.0047,c/unit_11/subblock/reg[2],d/branch/stream/reg_157[2],zclk,mclk,improved
46631,0.0176,0,59662,0.0176,0,0.0,c/unit_17/subblock/reg[52],d/branch/stream/reg_139[44],yclk,zclk,no change
90360,0.0029,0,45700,0.0029,0,0.0,c/unit_11/subblock/reg[4],d/branch/stream/reg_119[20],yclk,zclk,no change
33519,0.009,0,67163,0.0173,0,-0.0083,c/unit_17/subblock/reg[40],d/branch/stream/reg_130[23],yclk,yclk,improved
29980,0.0159,0,35851,0.0159,0,0.0,c/unit_11/subblock/reg[35],d/branch/stream/reg_189[55],yclk,zclk,no change
24374,0.0163,0,49252,0.0256,0,-0.0093,c/unit_11/subblock/reg[31],d/branch/stream/reg_137[48],zclk,mclk,improved
23007,0.0099,0,43360,0.0078,0,0.0021,c/unit_15/subblock/reg[51],d/branch/stream/reg_117[53],yclk,yclk,degraded
39314,0.0071,0,54283,-0.0004,0,0.0075,c/unit_19/subblock/reg[39],d/branch/stream/reg_114[20],mclk,zclk,degraded
21928,0.0109,0,58623,0.0119,0,-0.001,c/unit_12/subblock/reg[19],d/branch/stream/reg_182[51],yclk,mclk,improved
67305,0.0022,0,30932,0.0096,0,-0.0074,c/unit_13/subblock/reg[50],d/branch/stream/reg_171[48],yclk,yclk,improved
87081,0.0026,0,45756,0.0038,0,-0.0012,c/unit_13/subblock/reg[50],d/branch/stream/reg_132[54],yclk,mclk,improved
70985,0.0136,0,30474,0.0052,0,0.0084,c/unit_11/subblock/reg[61],d/branch/stream/reg_156[57],zclk,zclk,degraded
47008,0.0105,0,70828,0.0067,0,0.0038,c/unit_14/subblock/reg[11],d/branch/stream/reg_133[26],mclk,yclk,degraded
97162,0.01,0,96600,0.0155,0,-0.0055,c/unit_19/subblock/reg[52],d/branch/stream/reg_199[14],yclk,yclk,improved
52419,0.013,0,75392,0.0109,0,0.0021,c/unit_16/subblock/reg[2],d/branch/stream/reg_106[37],mclk,yclk,degraded
59072,0.0062,0,79472,0.0062,0,0.0,c/unit_13/subblock/reg[19],d/branch/stream/reg_197[26],zclk,mclk,no change
67255,0.0043,0,50554,0.001,0,0.0033,c/unit_15/subblock/reg[32],d/branch/stream/reg_124[33],zclk,zclk,degraded
75382,0.0173,0,36484,0.0173,0,0.0,c/unit_16/subblock/reg[30],d/branch/stream/reg_158[15],mclk,mclk,no change
89656,0.0016,0,45895,0.0016,0,0.0,c/unit_11/subblock/reg[10],d/branch/stream/reg_191[60],yclk,zclk,no change
77058,0.0168,0,68487,0.0143,0,0.0025,c/unit_14/subblock/reg[1],d/branch/stream/reg_169[63],zclk,mclk,degraded
37116,0.0076,0,32693,0.0139,0,-0.0063,c/unit_18/subblock/reg[47],d/branch/stream/reg_166[54],zclk,zclk,improved
25396,0.0174,0,66996,0.0174,0,0.0,c/unit_15/subblock/reg[14],d/branch/stream/reg_105[3],mclk,yclk,no change
31696,0.0174,0,98459,0.0146,0,0.0028,c/unit_12/subblock/reg[39],d/branch/stream/reg_172[14],yclk,mclk,degraded
30332,0.0061,0,73182,0.0114,0,-0.0053,c/unit_15/subblock/reg[24],d/branch/stream/reg_136[44],yclk,mclk,improved
79138,0.0031,0,75437,0.0131,0,-0.01,c/unit_19/subblock/reg[32],d/branch/stream/reg_147[29],yclk,mclk,improved
55190,0.0047,0,49242,-0.0011,0,0.0058,c/unit_15/subblock/reg[47],d/branch/stream/reg_167[9],yclk,mclk,degraded
68736,0.0017,0,90439,0.0017,0,0.0,c/unit_11/subblock/reg[37],d/branch/stream/reg_195[59],yclk,mclk,no change
53972,0.0125,0,36846,0.019,0,-0.0065,c/unit_14/subblock/reg[14],d/branch/stream/reg_103[40],mclk,zclk,improved
86943,0.0128,0,72187,0.014,0,-0.0012,c/unit_15/subblock/reg[8],d/branch/stream/reg_153[50],mclk,yclk,improved
21700,0.0153,0,44434,0.0153,0,0.0,c/unit_14/subblock/reg[6],d/branch/stream/reg_108[6],yclk,yclk,no change
98525,0.0111,0,72222,0.0205,0,-0.0094,c/unit_13/subblock/reg[50],d/branch/stream/reg_118[33],yclk,yclk,improved
91526,0.0031,0,82230,0.0108,0,-0.0077,c/unit_13/subblock/reg[57],d/branch/stream/reg_190[0],zclk,mclk,improved
84774,0.0085,0,20136,0.0155,0,-0.007,c/unit_16/subblock/reg[43],d/branch/stream/reg_126[43],zclk,zclk,improved
88200,0.0029,0,63520,0.0029,0,0.0,c/unit_17/subblock/reg[25],d/branch/stream/reg_153[44],zclk,zclk,no change
56228,0.0116,0,58317,0.0155,0,-0.0039,c/unit_15/subblock/reg[21],d/branch/stream/reg_165[40],mclk,mclk,improved
84064,0.0189,0,49784,0.0287,0,-0.0098,c/unit_14/subblock/reg[49],d/branch/stream/reg_155[57],yclk,zclk,improved
58992,0.0094,0,85868,0.0127,0,-0.0033,c/unit_13/subblock/reg[9],d/branch/stream/reg_127[42],mclk,mclk,improved
63399,0.0177,0,60401,0.0177,0,0.0,c/unit_16/subblock/reg[32],d/branch/stream/reg_192[4],zclk,zclk,no change
89532,0.0149,0,94782,0.0149,0,0.0,c/unit_17/subblock/reg[6],d/branch/stream/reg_139[1],mclk,zclk,no change
77419,0.0083,0,75303,-0.0015,0,0.0098,c/unit_14/subblock/reg[20],d/branch/stream/reg_158[42],zclk,zclk,degraded
76635,0.0111,0,52556,0.0175,0,-0.0064,c/unit_13/subblock/reg[5],d/branch/stream/reg_174[27],zclk,yclk,improved
46495,0.0126,0,83252,0.0147,0,-0.0021,c/unit_13/subblock/reg[34],d/branch/stream/reg_193[55],yclk,mclk,improved
45504,0.0035,0,23437,-0.0015,0,0.005,c/unit_12/subblock/reg[30],d/branch/stream/reg_129[22],mclk,mclk,degraded
27839,0.0173,0,89915,0.0106,0,0.0067,c/unit_15/subblock/reg[9],d/branch/stream/reg_151[40],zclk,yclk,degraded
63513,0.002,0,80526,0.0085,0,-0.0065,c/unit_19/subblock/reg[43],d/branch/stream/reg_111[58],zclk,mclk,improved
99329,0.0041,0,72954,0.0041,0,0.0,c/unit_14/subblock/reg[27],d/branch/stream/reg_177[25],zclk,zclk,no change
85961,0.0186,0,64595,0.0197,0,-0.0011,c/unit_15/subblock/reg[24],d/branch/stream/reg_165[31],mclk,mclk,improved
73026,0.0135,0,73838,0.0084,0,0.0051,c/unit_20/subblock/reg[40],d/branch/stream/reg_180[30],yclk,yclk,degraded
48856,0.0029,0,33490,0.0015,0,0.0014,c/unit_14/subblock/reg[26],d/branch/stream/reg_107[21],yclk,zclk,degraded
41350,0.0111,0,48880,0.016,0,-0.0049,c/unit_19/subblock/reg[8],d/branch/stream/reg_129[36],mclk,mclk,improved
88081,0.0042,0,31237,-0.0021,0,0.0063,c/unit_19/subblock/reg[34],d/branch/stream/reg_139[21],yclk,mclk,degraded
58587,0.0045,0,57094,0.0128,0,-0.0083,c/unit_20/subblock/reg[20],d/branch/stream/reg_141[46],zclk,mclk,improved
62413,0.0121,0,81643,0.0121,0,0.0,c/unit_18/subblock/reg[16],d/branch/stream/reg_168[5],zclk,mclk,no change
71032,0.012,0,83980,0.0098,0,0.0022,c/unit_11/subblock/reg[19],d/branch/stream/reg_155[62],mclk,yclk,degraded
93258,0.0013,0,46762,0.0086,0,-0.0073,c/unit_12/subblock/reg[31],d/branch/stream/reg_110[4],mclk,zclk,improved
94073,0.0031,0,84889,0.0031,0,0.0,c/unit_14/subblock/reg[31],d/branch/stream/reg_134[32],zclk,yclk,no change
97100,0.0076,0,95400,0.0156,0,-0.008,c/unit_14/subblock/reg[43],d/branch/stream/reg_165[10],mclk,zclk,improved
91590,0.0105,0,89317,0.013,0,-0.0025,c/unit_18/subblock/reg[13],d/branch/stream/reg_142[12],zclk,yclk,improved
23803,0.0187,0,70860,0.0187,0,0.0,c/unit_11/subblock/reg[23],d/branch/stream/reg_138[11],zclk,zclk,no change
73685,0.011,0,73042,0.011,0,0.0,c/unit_11/subblock/reg[10],d/branch/stream/reg_159[51],mclk,zclk,no change
65651,0.0132,0,92710,0.0132,0,0.0,c/unit_19/subblock/reg[14],d/branch/stream/reg_116[11],mclk,mclk,no change
75451,0.0195,0,52030,0.011,0,0.0085,c/unit_17/subblock/reg[45],d/branch/stream/reg_128[18],zclk,yclk,degraded
76215,0.009,0,24241,0.0011,0,0.0079,c/unit_14/subblock/reg[20],d/branch/stream/reg_102[40],zclk,zclk,degraded
47798,0.0018,0,77250,0.0073,0,-0.0055,c/unit_19/subblock/reg[41],d/branch/stream/reg_136[45],yclk,zclk,improved
64367,0.0187,0,78132,0.0187,0,0.0,c/unit_12/subblock/reg[16],d/branch/stream/reg_126[10],yclk,mclk,no change
74889,0.0109,0,75523,0.0039,0,0.007,c/unit_20/subblock/reg[31],d/branch/stream/reg_188[21],zclk,zclk,degraded
61284,0.0028,0,73545,-0.0007,0,0.0035,c/unit_15/subblock/reg[19],d/branch/stream/reg_124[53],mclk,zclk,degraded
57513,0.0035,0,64096,0.0035,0,0.0,c/unit_20/subblock/reg[39],d/branch/stream/reg_166[37],mclk,yclk,no change
30567,0.0058,0,88916,0.0058,0,0.0,c/unit_13/subblock/reg[61],d/branch/stream/reg_125[17],yclk,yclk,no change
28108,0.015,0,62377,0.0207,0,-0.0057,c/unit_20/subblock/reg[22],d/branch/stream/reg_149[32],mclk,yclk,improved
