orig path,orig slack,orig cycles,exp path,exp slack,exp cycles,delta slack,start point,end point,source clk,destination clock,delta classification
57431,0.0083,0,39962,0.0118,0,-0.0035,c/unit_17/subblock/reg[26],d/branch/stream/reg_137[33],zclk,mclk,improved
82331,0.0129,0,44025,0.011,0,0.0019,c/unit_14/subblock/reg[13],d/branch/stream/reg_103[22],yclk,mclk,degraded
95507,0.0198,0,63172,0.0198,0,0.0,c/unit_15/subblock/reg[51],d/branch/stream/reg_151[44],yclk,mclk,no change
80841,0.0181,0,68316,0.0181,0,0.0,c/unit_13/subblock/reg[8],d/branch/stream/reg_153[22],mclk,zclk,no change
26997,0.001,0,91750,0.001,0,0.0,c/unit_15/subblock/reg[38],d/branch/stream/reg_125[29],zclk,yclk,no change
97907,0.0076,0,92700,0.0013,0,0.0063,c/unit_16/subblock/reg[43],d/branch/stream/reg_116[40],yclk,yclk,degraded
35739,0.0078,0,87570,-0.0008,0,0.0086,c/unit_14/subblock/reg[3],d/branch/stream/reg_193[11],yclk,yclk,degraded
37542,0.0045,0,22657,0.0045,0,0.0,c/unit_19/subblock/reg[62],d/branch/stream/reg_153[19],mclk,yclk,no change
82574,0.0108,0,73037,0.0108,0,0.0,c/unit_12/subblock/reg[0],d/branch/stream/reg_174[58],mclk,yclk,no change
62959,0.0089,0,79234,0.0184,0,-0.0095,c/unit_17/subblock/reg[18],d/branch/stream/reg_143[20],yclk,mclk,improved
23307,0.0016,0,97003,0.0016,0,0.0,c/unit_11/subblock/reg[52],d/branch/stream/reg_130[37],yclk,mclk,no change
45920,0.0147,0,39545,0.0088,0,0.0059,c/unit_15/subblock/reg[57],d/branch/stream/reg_198[46],mclk,yclk,degraded
51958,0.0096,0,91101,0.0096,0,0.0,c/unit_17/subblock/reg[21],d/branch/stream/reg_121[37],zclk,yclk,no change
93746,0.0149,0,98278,0.0067,0,0.0082,c/unit_17/subblock/reg[53],d/branch/stream/reg_192[58],yclk,mclk,degraded
33732,0.0055,0,22064,0.0102,0,-0.0047,c/unit_14/subblock/reg[18],d/branch/stream/reg_180[14],yclk,zclk,improved
41006,0.009,0,79030,0.0057,0,0.0033,c/unit_16/subblock/reg[40],d/branch/stream/reg_109[0],yclk,yclk,degraded
67157,0.008,0,88441,0.008,0,0.0,c/unit_16/subblock/reg[44],d/branch/stream/reg_139[21],zclk,zclk,no change
66871,0.0193,0,40375,0.0121,0,0.0072,c/unit_14/subblock/reg[33],d/branch/stream/reg_189[52],yclk,yclk,degraded
90289,0.0193,0,80248,0.0193,0,0.0,c/unit_19/subblock/reg[43],d/branch/stream/reg_103[10],mclk,mclk,no change
50378,0.0178,0,31326,0.0178,0,0.0,c/unit_16/subblock/reg[4],d/branch/stream/reg_128[2],zclk,mclk,no change
50719,0.0132,0,87127,0.0048,0,0.0084,c/unit_12/subblock/reg[29],d/branch/stream/reg_106[52],mclk,yclk,degraded
43924,0.0141,0,91205,0.0121,0,0.002,c/unit_20/subblock/reg[39],d/branch/stream/reg_113[40],zclk,yclk,degraded
98389,0.0181,0,90855,0.0095,0,0.0086,c/unit_17/subblock/reg[43],d/branch/stream/reg_126[60],yclk,mclk,degraded
76569,0.0044,0,43403,-0.0038,0,0.0082,c/unit_19/subblock/reg[47],d/branch/stream/reg_173[1],yclk,zclk,degraded
40929,0.0044,0,38208,0.0073,0,-0.0029,c/unit_12/subblock/reg[22],d/branch/stream/reg_157[24],yclk,zclk,improved
22355,0.0126,0,90177,0.0216,0,-0.009,c/unit_19/subblock/reg[11],d/branch/stream/reg_136[54],zclk,zclk,improved
27272,0.0034,0,21964,0.0034,0,0.0,c/unit_18/subblock/reg[60],d/branch/stream/reg_101[19],mclk,zclk,no change
33323,0.0011,0,50759,0.0011,0,0.0,c/unit_16/subblock/reg[0],d/branch/stream/reg_146[46],zclk,yclk,no change
51944,0.0146,0,80201,0.0112,0,0.0034,c/unit_19/subblock/reg[41],d/branch/stream/reg_188[9],zclk,zclk,degraded
76124,0.009,0,92753,0.0109,0,-0.0019,c/unit_13/subblock/reg[16],d/branch/stream/reg_123[17],yclk,zclk,improved
32289,0.0192,0,89858,0.0246,0,-0.0054,c/unit_19/subblock/reg[37],d/branch/stream/reg_156[14],yclk,mclk,improved
38687,0.0137,0,72146,0.0042,0,0.0095,c/unit_16/subblock/reg[2],d/branch/stream/reg_152[48],mclk,zclk,degraded
44355,0.0193,0,28020,0.0236,0,-0.0043,c/unit_14/subblock/reg[62],d/branch/stream/reg_164[10],yclk,mclk,improved
58172,0.019,0,53048,0.0259,0,-0.0069,c/unit_17/subblock/reg[27],d/branch/stream/reg_191[32],zclk,yclk,improved
54779,0.0028,0,31663,0.0028,0,0.0,c/unit_18/subblock/reg[28],d/branch/stream/reg_144[59],mclk,yclk,no change
81010,0.0017,0,69969,0.0049,0,-0.0032,c/unit_11/subblock/reg[51],d/branch/stream/reg_160[57],zclk,yclk,improved
89926,0.013,0,97796,0.013,0,0.0,c/unit_18/subblock/reg[35],d/branch/stream/reg_183[41],yclk,yclk,no change
95164,0.0181,0,91448,0.0181,0,0.0,c/unit_16/subblock/reg[43],d/branch/stream/reg_101[23],mclk,zclk,no change
86331,0.0098,0,87944,0.0098,0,0.0,c/unit_19/subblock/reg[17],d/branch/stream/reg_162[17],yclk,mclk,no change
74311,0.0016,0,54634,-0.0034,0,0.005,c/unit_12/subblock/reg[2],d/branch/stream/reg_198[1],mclk,mclk,degraded
68942,0.0018,0,25832,0.0083,0,-0.0065,c/unit_16/subblock/reg[5],d/branch/stream/reg_146[59],mclk,yclk,improved
98673,0.0016,0,77425,0.0016,0,0.0,c/unit_11/subblock/reg[5],d/branch/stream/reg_193[35],mclk,zclk,no change
85118,0.0157,0,60800,0.0109,0,0.0048,c/unit_14/subblock/reg[48],d/branch/stream/reg_113[5],zclk,yclk,degraded
68230,0.005,0,23682,0.0007,0,0.0043,c/unit_15/subblock/reg[39],d/branch/stream/reg_105[35],zclk,mclk,degraded
67723,0.0182,0,25633,0.0182,0,0.0,c/unit_20/subblock/reg[4],d/branch/stream/reg_190[33],zclk,mclk,no change
96275,0.0072,0,40179,0.0104,0,-0.0032,c/unit_18/subblock/reg[15],d/branch/stream/reg_159[28],yclk,yclk,improved
46143,0.0132,0,26898,0.0039,0,0.0093,c/unit_15/subblock/reg[21],d/branch/stream/reg_135[24],yclk,zclk,degraded
24295,0.0146,0,36190,0.0172,0,-0.0026,c/unit_13/subblock/reg[55],d/branch/stream/reg_185[50],mclk,yclk,improved
68920,0.0107,0,75886,0.0047,0,0.006,c/unit_12/subblock/reg[2],d/branch/stream/reg_136[23],yclk,yclk,degraded
47983,0.0052,0,36269,0.0121,0,-0.0069,c/unit_17/subblock/reg[13],d/branch/stream/reg_178[25],yclk,zclk,improved
70454,0.0135,0,98753,0.015,0,-0.0015,c/unit_18/subblock/reg[55],d/branch/stream/reg_170[50],zclk,zclk,improved
63905,0.0023,0,26985,0.0023,0,0.0,c/unit_11/subblock/reg[44],d/branch/stream/reg_176[47],zclk,yclk,no change
38279,0.0118,0,73756,0.0183,0,-0.0065,c/unit_11/subblock/reg[1],d/branch/stream/reg_160[54],zclk,yclk,improved
39687,0.0023,0,33152,0.0091,0,-0.0068,c/unit_16/subblock/reg[23],d/branch/stream/reg_153[48],mclk,yclk,improved
85696,0.0102,0,91143,0.0102,0,0.0,c/unit_12/subblock/reg[16],d/branch/stream/reg_179[16],yclk,zclk,no change
83041,0.007,0,90037,0.007,0,0.0,c/unit_18/subblock/reg[1],d/branch/stream/reg_169[54],mclk,zclk,no change
56595,0.0166,0,76926,0.0122,0,0.0044,c/unit_17/subblock/reg[39],d/branch/stream/reg_108[4],mclk,yclk,degraded
93536,0.0147,0,70012,0.0197,0,-0.005,c/unit_16/subblock/reg[33],d/branch/stream/reg_102[39],mclk,yclk,improved
81529,0.018,0,45842,0.018,0,0.0,c/unit_20/subblock/reg[62],d/branch/stream/reg_103[28],zclk,yclk,no change
78072,0.0079,0,42627,0.0174,0,-0.0095,c/unit_13/subblock/reg[47],d/branch/stream/reg_134[31],mclk,mclk,improved
55105,0.0072,0,43840,0.0072,0,0.0,c/unit_15/subblock/reg[26],d/branch/stream/reg_176[48],mclk,mclk,no change
53018,0.0021,0,88646,0.0085,0,-0.0064,c/unit_18/subblock/reg[7],d/branch/stream/reg_173[28],yclk,zclk,improved
78970,0.0049,0,60234,0.0001,0,0.0048,c/unit_15/subblock/reg[51],d/branch/stream/reg_114[17],zclk,yclk,degraded
51492,0.0161,0,56332,0.0226,0,-0.0065,c/unit_14/subblock/reg[40],d/branch/stream/reg_169[30],mclk,zclk,improved
44007,0.0192,0,25597,0.0192,0,0.0,c/unit_19/subblock/reg[42],d/branch/stream/reg_143[19],zclk,mclk,no change
46519,0.0051,0,85610,0.0118,0,-0.0067,c/unit_17/subblock/reg[9],d/branch/stream/reg_112[41],yclk,zclk,improved
46008,0.0106,0,39042,0.0046,0,0.006,c/unit_19/subblock/reg[14],d/branch/stream/reg_175[30],yclk,zclk,degraded
64424,0.0091,0,60085,0.0091,0,0.0,c/unit_19/subblock/reg[43],d/branch/stream/reg_166[42],mclk,yclk,no change
91769,0.0051,0,26764,0.0051,0,0.0,c/unit_16/subblock/reg[49],d/branch/stream/reg_171[25],zclk,zclk,no change
41204,0.0128,0,99372,0.0042,0,0.0086,c/unit_18/subblock/reg[18],d/branch/stream/reg_184[51],mclk,zclk,degraded
37764,0.0062,0,81631,0.0081,0,-0.0019,c/unit_20/subblock/reg[37],d/branch/stream/reg_142[53],mclk,mclk,improved
79524,0.0067,0,54181,0.0083,0,-0.0016,c/unit_18/subblock/reg[29],d/branch/stream/reg_185[62],yclk,mclk,improved
88639,0.0063,0,88077,0.0063,0,0.0,c/unit_18/subblock/reg[58],d/branch/stream/reg_179[38],mclk,yclk,no change
79470,0.0054,0,22364,0.014,0,-0.0086,c/unit_12/subblock/reg[29],d/branch/stream/reg_150[28],zclk,yclk,improved
59897,0.0027,0,67129,0.0119,0,-0.0092,c/unit_11/subblock/reg[6],d/branch/stream/reg_151[58],mclk,zclk,improved
36412,0.0106,0,95011,0.0133,0,-0.0027,c/unit_15/subblock/reg[54],d/branch/stream/reg_174[26],mclk,zclk,improved
56870,0.0156,0,62945,0.0183,0,-0.0027,c/unit_18/subblock/reg[39],d/branch/stream/reg_177[19],yclk,yclk,improved
63652,0.0069,0,35918,-0.0028,0,0.0097,c/unit_13/subblock/reg[48],d/branch/stream/reg_167[10],zclk,mclk,degraded
34709,0.0164,0,51629,0.0221,0,-0.0057,c/unit_17/subblock/reg[19],d/branch/stream/reg_141[50],mclk,yclk,improved
29843,0.0177,0,74750,0.0177,0,0.0,c/unit_15/subblock/reg[26],d/branch/stream/reg_147[8],mclk,zclk,no change
26807,0.0031,0,64064,0.0013,0,0.0018,c/unit_17/subblock/reg[6],d/branch/stream/reg_125[30],mclk,yclk,degraded
82577,0.0118,0,81866,0.0188,0,-0.007,c/unit_20/subblock/reg[61],d/branch/stream/reg_159[19],mclk,mclk,improved
28881,0.0094,0,20392,0.0176,0,-0.0082,c/unit_17/subblock/reg[62],d/branch/stream/reg_110[58],yclk,zclk,improved
82008,0.0034,0,46849,0.0006,0,0.0028,c/unit_20/subblock/reg[17],d/branch/stream/reg_142[11],zclk,mclk,degraded
33448,0.0076,0,34888,0.0006,0,0.007,c/unit_19/subblock/reg[59],d/branch/stream/reg_113[21],mclk,zclk,degraded
93905,0.0188,0,40561,0.0188,0,0.0,c/unit_11/subblock/reg[28],d/branch/stream/reg_102[54],mclk,mclk,no change
38141,0.0084,0,92899,0.006,0,0.0024,c/unit_12/subblock/reg[33],d/branch/stream/reg_115[16],mclk,mclk,degraded
76101,0.0153,0,79072,0.0153,0,0.0,c/unit_11/subblock/reg[47],d/branch/stream/reg_195[23],mclk,mclk,no change
70766,0.0187,0,94321,0.0187,0,0.0,c/unit_11/subblock/reg[8],d/branch/stream/reg_139[3],zclk,mclk,no change
97646,0.0194,0,98098,0.0274,0,-0.008,c/unit_17/subblock/reg[46],d/branch/stream/reg_151[29],mclk,yclk,improved
94609,0.0059,0,60609,0.0111,0,-0.0052,c/unit_20/subblock/reg[20],d/branch/stream/reg_172[16],zclk,yclk,improved
68585,0.018,0,98797,0.0246,0,-0.0066,c/unit_17/subblock/reg[41],d/branch/stream/reg_169[50],mclk,zclk,improved
35108,0.0135,0,69517,0.0215,0,-0.008,c/unit_13/subblock/reg[28],d/branch/stream/reg_174[0],yclk,zclk,improved
43327,0.0061,0,46607,0.0061,0,0.0,c/unit_11/subblock/reg[23],d/branch/stream/reg_141[57],mclk,yclk,no change
42244,0.0042,0,99642,0.0085,0,-0.0043,c/unit_18/subblock/reg[44],d/branch/stream/reg_145[0],yclk,yclk,improved
80714,0.0198,0,55917,0.0153,0,0.0045,c/unit_19/subblock/reg[29],d/branch/stream/reg_181[36],yclk,mclk,degraded
36749,0.0063,0,40173,0.0028,0,0.0035,c/unit_16/subblock/reg[7],d/branch/stream/reg_149[24],yclk,zclk,degraded
98719,0.0029,0,61015,0.005,0,-0.0021,c/unit_12/subblock/reg[61],d/branch/stream/reg_141[31],mclk,yclk,improved
31561,0.0124,0,22278,0.0073,0,0.0051,c/unit_13/subblock/reg[49],d/branch/stream/reg_158[62],zclk,mclk,degraded
32435,0.0144,0,27046,0.0168,0,-0.0024,c/unit_16/subblock/reg[3],d/branch/stream/reg_145[44],mclk,mclk,improved
28638,0.017,0,42558,0.0229,0,-0.0059,c/unit_12/subblock/reg[44],d/branch/stream/reg_106[1],mclk,mclk,improved
31132,0.0097,0,33603,0.0135,0,-0.0038,c/unit_15/subblock/reg[57],d/branch/stream/reg_158[42],mclk,yclk,improved
52820,0.0016,0,41902,0.0098,0,-0.0082,c/unit_17/subblock/reg[37],d/branch/stream/reg_191[17],yclk,zclk,improved
28510,0.0015,0,84779,0.0015,0,0.0,c/unit_13/subblock/reg[62],d/branch/stream/reg_125[36],mclk,zclk,no change
33587,0.0159,0,91100,0.0072,0,0.0087,c/unit_12/subblock/reg[59],d/branch/stream/reg_161[45],zclk,yclk,degraded
47168,0.0079,0,63521,0.0018,0,0.0061,c/unit_15/subblock/reg[31],d/branch/stream/reg_133[41],yclk,zclk,degraded
30406,0.0024,0,41658,-0.0009,0,0.0033,c/unit_13/subblock/reg[34],d/branch/stream/reg_178[17],mclk,zclk,degraded
48397,0.0073,0,96751,0.0111,0,-0.0038,c/unit_14/subblock/reg[19],d/branch/stream/reg_160[49],zclk,zclk,improved
90429,0.0066,0,36669,0.011,0,-0.0044,c/unit_18/subblock/reg[20],d/branch/stream/reg_155[51],mclk,zclk,improved
69152,0.0185,0,86086,0.0131,0,0.0054,c/unit_19/subblock/reg[61],d/branch/stream/reg_131[57],mclk,yclk,degraded
70303,0.0112,0,41703,0.0112,0,0.0,c/unit_20/subblock/reg[13],d/branch/stream/reg_132[0],yclk,zclk,no change
42638,0.0145,0,95546,0.0145,0,0.0,c/unit_18/subblock/reg[8],d/branch/stream/reg_185[1],mclk,zclk,no change
44192,0.007,0,82584,-0.0021,0,0.0091,c/unit_13/subblock/reg[56],d/branch/stream/reg_184[61],yclk,zclk,degraded
96784,0.012,0,86631,0.0098,0,0.0022,c/unit_20/subblock/reg[22],d/branch/stream/reg_152[8],zclk,yclk,degraded
39465,0.0182,0,50311,0.0211,0,-0.0029,c/unit_19/subblock/reg[63],d/branch/stream/reg_188[62],yclk,mclk,improved
20733,0.0126,0,77112,0.0066,0,0.006,c/unit_13/subblock/reg[24],d/branch/stream/reg_195[28],yclk,yclk,degraded
53121,0.0036,0,32245,-0.0008,0,0.0044,c/unit_14/subblock/reg[29],d/branch/stream/reg_172[29],mclk,mclk,degraded
48788,0.0184,0,27404,0.0184,0,0.0,c/unit_12/subblock/reg[45],d/branch/stream/reg_161[4],mclk,mclk,no change
95105,0.0136,0,29490,0.0136,0,0.0,c/unit_18/subblock/reg[0],d/branch/stream/reg_185[63],yclk,zclk,no change
59133,0.0012,0,83052,0.0012,0,0.0,c/unit_14/subblock/reg[38],d/branch/stream/reg_130[11],yclk,yclk,no change
86446,0.0041,0,62729,0.0113,0,-0.0072,c/unit_17/subblock/reg[60],d/branch/stream/reg_122[32],yclk,zclk,improved
99434,0.0079,0,28628,0.0079,0,0.0,c/unit_12/subblock/reg[24],d/branch/stream/reg_129[47],zclk,zclk,no change
77655,0.0182,0,61621,0.026,0,-0.0078,c/unit_19/subblock/reg[62],d/branch/stream/reg_179[1],yclk,zclk,improved
77940,0.0167,0,61050,0.0144,0,0.0023,c/unit_18/subblock/reg[23],d/branch/stream/reg_123[4],yclk,yclk,degraded
89887,0.0182,0,37144,0.0098,0,0.0084,c/unit_11/subblock/reg[3],d/branch/stream/reg_171[17],mclk,mclk,degraded
32126,0.0022,0,82051,0.0089,0,-0.0067,c/unit_20/subblock/reg[49],d/branch/stream/reg_196[21],mclk,yclk,improved
46034,0.0177,0,45170,0.0177,0,0.0,c/unit_14/subblock/reg[57],d/branch/stream/reg_171[38],mclk,zclk,no change
94440,0.0113,0,83675,0.0087,0,0.0026,c/unit_11/subblock/reg[27],d/branch/stream/reg_190[13],mclk,yclk,degraded
64877,0.0056,0,71671,0.0082,0,-0.0026,c/unit_19/subblock/reg[59],d/branch/stream/reg_146[24],zclk,mclk,improved
28953,0.0092,0,25361,0.0121,0,-0.0029,c/unit_19/subblock/reg[43],d/branch/stream/reg_155[22],mclk,yclk,improved
70396,0.0139,0,27000,0.0139,0,0.0,c/unit_20/subblock/reg[60],d/branch/stream/reg_156[10],yclk,yclk,no change
25096,0.0185,0,50386,0.0224,0,-0.0039,c/unit_16/subblock/reg[15],d/branch/stream/reg_109[6],mclk,yclk,improved
64248,0.0046,0,25054,-0.0014,0,0.006,c/unit_15/subblock/reg[7],d/branch/stream/reg_149[55],zclk,yclk,degraded
74165,0.0059,0,45733,0.0059,0,0.0,c/unit_15/subblock/reg[61],d/branch/stream/reg_116[8],yclk,yclk,no change
53801,0.0163,0,73238,0.0145,0,0.0018,c/unit_11/subblock/reg[43],d/branch/stream/reg_152[13],zclk,zclk,degraded
83970,0.0054,0,68315,0.009,0,-0.0036,c/unit_14/subblock/reg[47],d/branch/stream/reg_175[42],mclk,yclk,improved
77757,0.0156,0,92789,0.0211,0,-0.0055,c/unit_20/subblock/reg[51],d/branch/stream/reg_172[2],zclk,yclk,improved
51436,0.0146,0,56412,0.0185,0,-0.0039,c/unit_17/subblock/reg[14],d/branch/stream/reg_174[62],mclk,zclk,improved
30681,0.0058,0,59770,0.012,0,-0.0062,c/unit_17/subblock/reg[33],d/branch/stream/reg_168[37],zclk,yclk,improved
69474,0.0116,0,75787,0.0064,0,0.0052,c/unit_14/subblock/reg[57],d/branch/stream/reg_124[3],mclk,yclk,degraded
38482,0.0174,0,90011,0.0159,0,0.0015,c/unit_14/subblock/reg[52],d/branch/stream/reg_114[29],zclk,zclk,degraded
84485,0.0115,0,58108,0.0037,0,0.0078,c/unit_14/subblock/reg[11],d/branch/stream/reg_109[16],mclk,mclk,degraded
67071,0.0056,0,67511,0.0056,0,0.0,c/unit_12/subblock/reg[40],d/branch/stream/reg_136[61],mclk,mclk,no change
71949,0.0046,0,70600,-0.0028,0,0.0074,c/unit_16/subblock/reg[62],d/branch/stream/reg_190[23],zclk,yclk,degraded
26965,0.0198,0,25817,0.0237,0,-0.0039,c/unit_18/subblock/reg[8],d/branch/stream/reg_142[27],yclk,yclk,improved
28881,0.0027,0,82467,0.0027,0,0.0,c/unit_14/subblock/reg[15],d/branch/stream/reg_159[35],zclk,yclk,no change
88555,0.0059,0,28286,0.0077,0,-0.0018,c/unit_17/subblock/reg[45],d/branch/stream/reg_191[58],zclk,zclk,improved
55625,0.0188,0,88372,0.0207,0,-0.0019,c/unit_17/subblock/reg[10],d/branch/stream/reg_156[21],zclk,zclk,improved
83523,0.0187,0,37088,0.0187,0,0.0,c/unit_17/subblock/reg[45],d/branch/stream/reg_182[10],mclk,yclk,no change
93622,0.0046,0,88343,0.0035,0,0.0011,c/unit_12/subblock/reg[48],d/branch/stream/reg_151[56],yclk,zclk,degraded
66793,0.0165,0,92837,0.0074,0,0.0091,c/unit_13/subblock/reg[5],d/branch/stream/reg_104[28],zclk,mclk,degraded
44026,0.0119,0,42465,0.0053,0,0.0066,c/unit_18/subblock/reg[5],d/branch/stream/reg_192[5],zclk,mclk,degraded
86359,0.0111,0,53971,0.0146,0,-0.0035,c/unit_20/subblock/reg[53],d/branch/stream/reg_149[40],zclk,zclk,improved
89174,0.0062,0,83449,0.0159,0,-0.0097,c/unit_15/subblock/reg[52],d/branch/stream/reg_163[26],yclk,zclk,improved
57764,0.009,0,56267,0.0103,0,-0.0013,c/unit_18/subblock/reg[62],d/branch/stream/reg_137[25],zclk,yclk,improved
21278,0.0126,0,74105,0.0064,0,0.0062,c/unit_13/subblock/reg[31],d/branch/stream/reg_184[52],mclk,zclk,degraded
22096,0.0126,0,28648,0.0218,0,-0.0092,c/unit_16/subblock/reg[53],d/branch/stream/reg_152[43],yclk,zclk,improved
31085,0.0161,0,83193,0.0161,0,0.0,c/unit_11/subblock/reg[4],d/branch/stream/reg_185[61],yclk,yclk,no change
48956,0.0169,0,62372,0.0169,0,0.0,c/unit_20/subblock/reg[10],d/branch/stream/reg_144[61],mclk,mclk,no change
33431,0.0057,0,94072,-0.0038,0,0.0095,c/unit_15/subblock/reg[47],d/branch/stream/reg_119[51],yclk,zclk,degraded
48510,0.0077,0,26101,0.0022,0,0.0055,c/unit_11/subblock/reg[28],d/branch/stream/reg_139[45],mclk,yclk,degraded
59613,0.0171,0,69582,0.0244,0,-0.0073,c/unit_13/subblock/reg[18],d/branch/stream/reg_144[27],zclk,mclk,improved
31621,0.0074,0,70038,0.0173,0,-0.0099,c/unit_11/subblock/reg[28],d/branch/stream/reg_186[48],yclk,mclk,improved
67565,0.0195,0,34508,0.0195,0,0.0,c/unit_18/subblock/reg[29],d/branch/stream/reg_116[2],zclk,mclk,no change
75696,0.013,0,32156,0.014,0,-0.001,c/unit_16/subblock/reg[18],d/branch/stream/reg_162[62],zclk,mclk,improved
82588,0.0042,0,32259,0.0027,0,0.0015,c/unit_17/subblock/reg[15],d/branch/stream/reg_113[20],zclk,yclk,degraded
30467,0.012,0,20002,0.008,0,0.004,c/unit_16/subblock/reg[41],d/branch/stream/reg_112[3],yclk,mclk,degraded
85505,0.0128,0,91548,0.0088,0,0.004,c/unit_14/subblock/reg[18],d/branch/stream/reg_185[47],mclk,yclk,degraded
86136,0.0179,0,88976,0.0116,0,0.0063,c/unit_15/subblock/reg[3],d/branch/stream/reg_133[26],yclk,zclk,degraded
82656,0.0073,0,54718,0.0038,0,0.0035,c/unit_13/subblock/reg[57],d/branch/stream/reg_140[62],yclk,zclk,degraded
71707,0.0121,0,67598,0.0181,0,-0.006,c/unit_13/subblock/reg[6],d/branch/stream/reg_163[35],zclk,zclk,improved
45605,0.0131,0,51292,0.0176,0,-0.0045,c/unit_18/subblock/reg[39],d/branch/stream/reg_123[57],yclk,yclk,improved
31053,0.007,0,29078,0.0018,0,0.0052,c/unit_19/subblock/reg[54],d/branch/stream/reg_170[10],zclk,mclk,degraded
43812,0.0173,0,77865,0.0118,0,0.0055,c/unit_18/subblock/reg[54],d/branch/stream/reg_137[55],mclk,yclk,degraded
44362,0.006,0,89942,-0.0014,0,0.0074,c/unit_14/subblock/reg[61],d/branch/stream/reg_194[17],mclk,zclk,degraded
62093,0.0199,0,25346,0.0199,0,0.0,c/unit_12/subblock/reg[15],d/branch/stream/reg_199[4],yclk,zclk,no change
42455,0.0087,0,58904,0.0069,0,0.0018,c/unit_18/subblock/reg[8],d/branch/stream/reg_107[23],zclk,zclk,degraded
32954,0.0126,0,93485,0.0061,0,0.0065,c/unit_12/subblock/reg[55],d/branch/stream/reg_116[33],zclk,zclk,degraded
32739,0.005,0,61339,0.0143,0,-0.0093,c/unit_13/subblock/reg[25],d/branch/stream/reg_141[55],mclk,zclk,improved
78330,0.015,0,24502,0.015,0,0.0,c/unit_19/subblock/reg[49],d/branch/stream/reg_111[37],yclk,yclk,no change
97388,0.0019,0,63892,-0.0062,0,0.0081,c/unit_17/subblock/reg[25],d/branch/stream/reg_185[9],mclk,mclk,degraded
34594,0.0152,0,73032,0.0197,0,-0.0045,c/unit_19/subblock/reg[15],d/branch/stream/reg_161[16],mclk,yclk,improved
37897,0.0129,0,91188,0.0129,0,0.0,c/unit_14/subblock/reg[39],d/branch/stream/reg_176[41],yclk,mclk,no change
48466,0.0199,0,55587,0.0199,0,0.0,c/unit_17/subblock/reg[10],d/branch/stream/reg_156[13],zclk,yclk,no change
52776,0.0141,0,82970,0.0141,0,0.0,c/unit_19/subblock/reg[28],d/branch/stream/reg_134[8],mclk,zclk,no change
64057,0.0121,0,76580,0.0055,0,0.0066,c/unit_19/subblock/reg[25],d/branch/stream/reg_145[25],mclk,zclk,degraded
68010,0.0019,0,44064,0.0019,0,0.0,c/unit_16/subblock/reg[24],d/branch/stream/reg_151[8],zclk,zclk,no change
70549,0.0038,0,91658,0.0093,0,-0.0055,c/unit_16/subblock/reg[38],d/branch/stream/reg_143[37],yclk,yclk,improved
65097,0.0176,0,69697,0.0225,0,-0.0049,c/unit_19/subblock/reg[6],d/branch/stream/reg_140[28],yclk,yclk,improved
72873,0.007,0,43984,0.007,0,0.0,c/unit_11/subblock/reg[56],d/branch/stream/reg_130[29],yclk,yclk,no change
21587,0.0119,0,69546,0.004,0,0.0079,c/unit_17/subblock/reg[45],d/branch/stream/reg_135[46],yclk,yclk,degraded
20831,0.0139,0,36674,0.0139,0,0.0,c/unit_12/subblock/reg[7],d/branch/stream/reg_164[34],yclk,mclk,no change
57618,0.0106,0,75265,0.0039,0,0.0067,c/unit_19/subblock/reg[5],d/branch/stream/reg_168[36],yclk,zclk,degraded
35035,0.0179,0,25549,0.0128,0,0.0051,c/unit_20/subblock/reg[52],d/branch/stream/reg_150[8],mclk,yclk,degraded
20299,0.0076,0,92716,0.0076,0,0.0,c/unit_17/subblock/reg[10],d/branch/stream/reg_179[13],zclk,yclk,no change
69206,0.015,0,95610,0.0211,0,-0.0061,c/unit_19/subblock/reg[42],d/branch/stream/reg_140[15],mclk,yclk,improved
54699,0.004,0,34670,0.0122,0,-0.0082,c/unit_11/subblock/reg[28],d/branch/stream/reg_100[54],zclk,mclk,improved
90297,0.0133,0,51254,0.0044,0,0.0089,c/unit_12/subblock/reg[15],d/branch/stream/reg_153[33],zclk,zclk,degraded
63628,0.0154,0,21318,0.0154,0,0.0,c/unit_18/subblock/reg[15],d/branch/stream/reg_196[35],zclk,mclk,no change
61105,0.0026,0,45265,0.0026,0,0.0,c/unit_15/subblock/reg[7],d/branch/stream/reg_158[40],yclk,mclk,no change
55378,0.0078,0,48670,0.0018,0,0.006,c/unit_19/subblock/reg[7],d/branch/stream/reg_192[4],yclk,yclk,degraded
48747,0.0029,0,84156,0.0029,0,0.0,c/unit_20/subblock/reg[20],d/branch/stream/reg_154[39],mclk,yclk,no change
29297,0.0034,0,52896,0.0034,0,0.0,c/unit_20/subblock/reg[47],d/branch/stream/reg_109[46],yclk,yclk,no change
87328,0.0104,0,50718,0.0044,0,0.006,c/unit_14/subblock/reg[51],d/branch/stream/reg_157[10],yclk,zclk,degraded
43079,0.0039,0,66610,0.0012,0,0.0027,c/unit_12/subblock/reg[44],d/branch/stream/reg_186[3],zclk,zclk,degraded
39690,0.0176,0,56051,0.0176,0,0.0,c/unit_15/subblock/reg[54],d/branch/stream/reg_170[28],mclk,zclk,no change
55650,0.0042,0,30407,0.0042,0,0.0,c/unit_18/subblock/reg[63],d/branch/stream/reg_169[61],zclk,zclk,no change
52359,0.0132,0,38042,0.0132,0,0.0,c/unit_13/subblock/reg[35],d/branch/stream/reg_171[23],mclk,zclk,no change
62138,0.0016,0,24951,0.0108,0,-0.0092,c/unit_17/subblock/reg[42],d/branch/stream/reg_185[12],yclk,mclk,improved
27844,0.0176,0,79211,0.0176,0,0.0,c/unit_19/subblock/reg[40],d/branch/stream/reg_177[56],zclk,mclk,no change
80281,0.0038,0,66849,0.0122,0,-0.0084,c/unit_19/subblock/reg[2],d/branch/stream/reg_146[20],yclk,yclk,improved
40241,0.016,0,88026,0.016,0,0.0,c/unit_15/subblock/reg[6],d/branch/stream/reg_160[9],zclk,yclk,no change
36008,0.0173,0,70878,0.0173,0,0.0,c/unit_11/subblock/reg[5],d/branch/stream/reg_132[14],zclk,zclk,no change
96159,0.0163,0,44498,0.0116,0,0.0047,c/unit_20/subblock/reg[43],d/branch/stream/reg_137[60],zclk,zclk,degraded
75549,0.0199,0,92116,0.0123,0,0.0076,c/unit_14/subblock/reg[61],d/branch/stream/reg_139[60],yclk,yclk,degraded
90051,0.0148,0,60334,0.0119,0,0.0029,c/unit_12/subblock/reg[11],d/branch/stream/reg_139[36],mclk,yclk,degraded
32970,0.0131,0,41512,0.021,0,-0.0079,c/unit_18/subblock/reg[33],d/branch/stream/reg_137[53],yclk,mclk,improved
88711,0.0111,0,89273,0.0111,0,0.0,c/unit_17/subblock/reg[34],d/branch/stream/reg_144[2],zclk,yclk,no change
30575,0.0122,0,63277,0.0122,0,0.0,c/unit_13/subblock/reg[36],d/branch/stream/reg_161[35],mclk,mclk,no change
35187,0.0062,0,78159,0.0083,0,-0.0021,c/unit_19/subblock/reg[7],d/branch/stream/reg_138[4],yclk,mclk,improved
21251,0.0074,0,90006,0.0033,0,0.0041,c/unit_15/subblock/reg[46],d/branch/stream/reg_145[42],zclk,zclk,degraded
55556,0.0033,0,72592,0.0096,0,-0.0063,c/unit_20/subblock/reg[11],d/branch/stream/reg_115[5],yclk,zclk,improved
90766,0.0194,0,47387,0.0096,0,0.0098,c/unit_17/subblock/reg[51],d/branch/stream/reg_166[17],zclk,zclk,degraded
82283,0.0139,0,66366,0.0139,0,0.0,c/unit_13/subblock/reg[33],d/branch/stream/reg_123[12],mclk,mclk,no change
96619,0.0093,0,94078,0.0162,0,-0.0069,c/unit_11/subblock/reg[32],d/branch/stream/reg_182[55],yclk,zclk,improved
49801,0.0138,0,90862,0.0186,0,-0.0048,c/unit_16/subblock/reg[11],d/branch/stream/reg_125[14],yclk,zclk,improved
27847,0.0194,0,26359,0.0097,0,0.0097,c/unit_14/subblock/reg[61],d/branch/stream/reg_184[9],yclk,yclk,degraded
43717,0.0184,0,52830,0.0257,0,-0.0073,c/unit_18/subblock/reg[58],d/branch/stream/reg_140[38],yclk,zclk,improved
50173,0.0145,0,70150,0.0208,0,-0.0063,c/unit_17/subblock/reg[56],d/branch/stream/reg_128[17],yclk,zclk,improved
73022,0.0048,0,65133,0.0048,0,0.0,c/unit_14/subblock/reg[14],d/branch/stream/reg_143[15],yclk,yclk,no change
64080,0.0072,0,36940,0.0072,0,0.0,c/unit_16/subblock/reg[35],d/branch/stream/reg_175[7],zclk,yclk,no change
53721,0.0153,0,98688,0.0083,0,0.007,c/unit_19/subblock/reg[31],d/branch/stream/reg_157[6],yclk,yclk,degraded
71955,0.0193,0,81342,0.0179,0,0.0014,c/unit_18/subblock/reg[63],d/branch/stream/reg_178[49],mclk,zclk,degraded
78701,0.0108,0,26022,0.0108,0,0.0,c/unit_11/subblock/reg[9],d/branch/stream/reg_158[7],yclk,yclk,no change
43172,0.0043,0,36435,0.0132,0,-0.0089,c/unit_18/subblock/reg[4],d/branch/stream/reg_184[14],zclk,yclk,improved
83113,0.0051,0,69100,-0.0044,0,0.0095,c/unit_20/subblock/reg[61],d/branch/stream/reg_185[19],yclk,zclk,degraded
73985,0.0102,0,31627,0.0127,0,-0.0025,c/unit_16/subblock/reg[31],d/branch/stream/reg_102[29],zclk,zclk,improved
32180,0.0157,0,34814,0.0246,0,-0.0089,c/unit_18/subblock/reg[57],d/branch/stream/reg_147[15],mclk,yclk,improved
79796,0.014,0,58323,0.014,0,0.0,c/unit_15/subblock/reg[6],d/branch/stream/reg_129[54],mclk,yclk,no change
61311,0.0126,0,69685,0.0091,0,0.0035,c/unit_19/subblock/reg[10],d/branch/stream/reg_197[2],zclk,zclk,degraded
44282,0.0044,0,20011,0.0081,0,-0.0037,c/unit_13/subblock/reg[22],d/branch/stream/reg_144[18],mclk,mclk,improved
75325,0.0157,0,23884,0.0085,0,0.0072,c/unit_15/subblock/reg[18],d/branch/stream/reg_137[36],zclk,mclk,degraded
63180,0.0022,0,46323,-0.0039,0,0.0061,c/unit_16/subblock/reg[41],d/branch/stream/reg_183[50],yclk,zclk,degraded
56305,0.0138,0,83380,0.0138,0,0.0,c/unit_13/subblock/reg[28],d/branch/stream/reg_124[57],zclk,zclk,no change
51725,0.0183,0,64015,0.0183,0,0.0,c/unit_19/subblock/reg[15],d/branch/stream/reg_144[8],yclk,mclk,no change
40583,0.0086,0,76637,0.0086,0,0.0,c/unit_14/subblock/reg[48],d/branch/stream/reg_140[18],mclk,zclk,no change
53670,0.0082,0,75128,0.0175,0,-0.0093,c/unit_15/subblock/reg[36],d/branch/stream/reg_182[34],zclk,zclk,improved
87684,0.0108,0,42734,0.0167,0,-0.0059,c/unit_18/subblock/reg[40],d/branch/stream/reg_103[4],yclk,mclk,improved
28858,0.0018,0,81629,0.0018,0,0.0,c/unit_15/subblock/reg[10],d/branch/stream/reg_187[17],zclk,mclk,no change
30952,0.006,0,75778,0.006,0,0.0,c/unit_19/subblock/reg[55],d/branch/stream/reg_178[25],yclk,mclk,no change
53469,0.0161,0,75553,0.0161,0,0.0,c/unit_13/subblock/reg[3],d/branch/stream/reg_128[61],zclk,mclk,no change
82253,0.0045,0,45919,0.0045,0,0.0,c/unit_12/subblock/reg[34],d/branch/stream/reg_173[62],mclk,zclk,no change
79536,0.0158,0,39417,0.0218,0,-0.006,c/unit_14/subblock/reg[34],d/branch/stream/reg_172[26],yclk,mclk,improved
91072,0.0156,0,45504,0.0172,0,-0.0016,c/unit_20/subblock/reg[42],d/branch/stream/reg_156[4],zclk,yclk,improved
99119,0.0199,0,84061,0.0199,0,0.0,c/unit_11/subblock/reg[44],d/branch/stream/reg_169[34],yclk,yclk,no change
67717,0.0141,0,96267,0.0141,0,0.0,c/unit_20/subblock/reg[62],d/branch/stream/reg_161[11],mclk,zclk,no change
96073,0.0148,0,45102,0.0116,0,0.0032,c/unit_18/subblock/reg[33],d/branch/stream/reg_175[26],mclk,mclk,degraded
69202,0.0161,0,49207,0.0174,0,-0.0013,c/unit_19/subblock/reg[44],d/branch/stream/reg_183[61],yclk,mclk,improved
53255,0.0068,0,57265,0.0116,0,-0.0048,c/unit_20/subblock/reg[5],d/branch/stream/reg_124[37],mclk,mclk,improved
44509,0.0143,0,93553,0.0083,0,0.006,c/unit_18/subblock/reg[55],d/branch/stream/reg_172[31],yclk,mclk,degraded
27047,0.007,0,60607,0.0123,0,-0.0053,c/unit_19/subblock/reg[26],d/branch/stream/reg_125[56],yclk,yclk,improved
21192,0.0062,0,31145,-0.0001,0,0.0063,c/unit_12/subblock/reg[37],d/branch/stream/reg_167[25],yclk,mclk,degraded
48702,0.0103,0,95855,0.0103,0,0.0,c/unit_20/subblock/reg[35],d/branch/stream/reg_195[33],yclk,yclk,no change
50260,0.0153,0,89490,0.012,0,0.0033,c/unit_17/subblock/reg[36],d/branch/stream/reg_132[26],yclk,yclk,degraded
76127,0.0015,0,73533,0.0114,0,-0.0099,c/unit_14/subblock/reg[39],d/branch/stream/reg_164[60],mclk,yclk,improved
29756,0.0076,0,61620,0.0096,0,-0.002,c/unit_18/subblock/reg[58],d/branch/stream/reg_146[9],mclk,zclk,improved
94678,0.0034,0,35099,0.0055,0,-0.0021,c/unit_14/subblock/reg[26],d/branch/stream/reg_157[60],mclk,yclk,improved
92428,0.0156,0,85022,0.0173,0,-0.0017,c/unit_20/subblock/reg[17],d/branch/stream/reg_138[41],mclk,zclk,improved
41083,0.0045,0,82050,0.0045,0,0.0,c/unit_20/subblock/reg[58],d/branch/stream/reg_127[56],yclk,zclk,no change
54064,0.0145,0,41393,0.0145,0,0.0,c/unit_16/subblock/reg[54],d/branch/stream/reg_152[51],zclk,yclk,no change
75695,0.0194,0,42916,0.0194,0,0.0,c/unit_12/subblock/reg[35],d/branch/stream/reg_140[30],yclk,zclk,no change
23261,0.0136,0,63001,0.0097,0,0.0039,c/unit_12/subblock/reg[2],d/branch/stream/reg_199[58],mclk,zclk,degraded
94864,0.0036,0,30090,0.0036,0,0.0,c/unit_19/subblock/reg[23],d/branch/stream/reg_125[45],mclk,mclk,no change
77032,0.0188,0,95474,0.0188,0,0.0,c/unit_11/subblock/reg[14],d/branch/stream/reg_144[31],yclk,yclk,no change
57531,0.0089,0,76489,0.0089,0,0.0,c/unit_14/subblock/reg[48],d/branch/stream/reg_100[42],yclk,mclk,no change
62662,0.0097,0,69288,0.0167,0,-0.007,c/unit_18/subblock/reg[22],d/branch/stream/reg_119[2],zclk,mclk,improved
62833,0.0031,0,54592,-0.004,0,0.0071,c/unit_12/subblock/reg[37],d/branch/stream/reg_173[52],zclk,mclk,degraded
72865,0.0065,0,85479,0.0165,0,-0.01,c/unit_14/subblock/reg[24],d/branch/stream/reg_196[20],zclk,mclk,improved
70689,0.0068,0,58392,-0.0006,0,0.0074,c/unit_19/subblock/reg[63],d/branch/stream/reg_172[41],zclk,mclk,degraded
28427,0.015,0,63267,0.0167,0,-0.0017,c/unit_12/subblock/reg[10],d/branch/stream/reg_150[49],zclk,zclk,improved
58489,0.0035,0,47785,0.0035,0,0.0,c/unit_19/subblock/reg[41],d/branch/stream/reg_147[44],zclk,zclk,no change
84711,0.005,0,49778,0.0101,0,-0.0051,c/unit_19/subblock/reg[31],d/branch/stream/reg_128[25],yclk,zclk,improved
77270,0.0143,0,44254,0.0131,0,0.0012,c/unit_12/subblock/reg[52],d/branch/stream/reg_198[63],zclk,zclk,degraded
68877,0.0146,0,48996,0.0146,0,0.0,c/unit_11/subblock/reg[62],d/branch/stream/reg_130[5],yclk,zclk,no change
62436,0.0109,0,56708,0.0109,0,0.0,c/unit_19/subblock/reg[54],d/branch/stream/reg_116[26],mclk,yclk,no change
93487,0.012,0,94626,0.0148,0,-0.0028,c/unit_14/subblock/reg[24],d/branch/stream/reg_112[22],yclk,zclk,improved
33526,0.0151,0,41637,0.0226,0,-0.0075,c/unit_13/subblock/reg[11],d/branch/stream/reg_156[40],zclk,yclk,improved
46691,0.0063,0,68542,0.0135,0,-0.0072,c/unit_18/subblock/reg[1],d/branch/stream/reg_162[28],mclk,yclk,improved
95917,0.0094,0,92344,-0.0005,0,0.0099,c/unit_20/subblock/reg[25],d/branch/stream/reg_113[37],yclk,yclk,degraded
59592,0.0177,0,50790,0.0263,0,-0.0086,c/unit_19/subblock/reg[53],d/branch/stream/reg_131[35],zclk,zclk,improved
59062,0.0158,0,76776,0.0214,0,-0.0056,c/unit_18/subblock/reg[55],d/branch/stream/reg_106[42],zclk,zclk,improved
47040,0.0177,0,53518,0.0217,0,-0.004,c/unit_14/subblock/reg[38],d/branch/stream/reg_181[14],yclk,mclk,improved
32965,0.0165,0,78136,0.0165,0,0.0,c/unit_12/subblock/reg[7],d/branch/stream/reg_192[16],mclk,yclk,no change
27660,0.0155,0,92462,0.0234,0,-0.0079,c/unit_17/subblock/reg[0],d/branch/stream/reg_179[45],yclk,yclk,improved
97464,0.0188,0,80812,0.022,0,-0.0032,c/unit_18/subblock/reg[23],d/branch/stream/reg_163[45],zclk,mclk,improved
64439,0.0076,0,69716,0.01,0,-0.0024,c/unit_20/subblock/reg[11],d/branch/stream/reg_184[32],mclk,mclk,improved
31517,0.0184,0,40068,0.0224,0,-0.004,c/unit_16/subblock/reg[0],d/branch/stream/reg_148[33],zclk,mclk,improved
51114,0.0148,0,24517,0.0148,0,0.0,c/unit_11/subblock/reg[18],d/branch/stream/reg_185[11],zclk,zclk,no change
32955,0.0065,0,63703,0.0157,0,-0.0092,c/unit_12/subblock/reg[18],d/branch/stream/reg_133[46],zclk,yclk,improved
66061,0.0173,0,39461,0.0173,0,0.0,c/unit_19/subblock/reg[17],d/branch/stream/reg_142[52],mclk,mclk,no change
